Time,T_0,P_0,L_0,T_1,P_1,L_1,T_2,P_2,L_2
1577958458.283722,19.17,1001.71,708.33,20.26,1001.1,798.33,19.76,1001.98,665.83
1577958518.331092,19.18,1001.71,729.17,20.26,1001.1,792.5,19.76,1001.98,662.5
1577958578.2764444,19.19,1001.72,780.0,20.27,1001.1,791.67,19.76,1001.98,656.67
1577958638.27351,19.22,1001.72,863.33,20.26,1001.1,781.67,19.76,1001.99,648.33
1577958698.2716925,19.25,1001.73,829.17,20.26,1001.1,758.33,19.75,1001.97,630.83
1577958758.2662935,19.31,1001.71,830.0,20.28,1001.09,730.0,19.75,1001.97,606.67
1577958818.2642045,19.34,1001.7,840.83,20.28,1001.09,711.67,19.74,1001.96,590.83
1577958878.2610161,19.35,1001.7,845.0,20.27,1001.09,693.33,19.74,1001.96,576.67
1577958938.25643,19.37,1001.7,845.0,20.26,1001.08,674.17,19.74,1001.98,562.5
1577958998.2541666,19.36,1001.71,840.0,20.25,1001.1,656.67,19.73,1001.99,549.17
1577959058.2512264,19.4,1001.74,829.17,20.24,1001.1,647.5,19.73,1002.01,545.0
1577959118.2474906,19.42,1001.74,813.33,20.24,1001.14,641.67,19.75,1002.03,544.17
1577959178.2446337,19.43,1001.74,788.33,20.23,1001.12,650.83,19.75,1002.01,552.5
1577959238.2420542,19.42,1001.74,758.33,20.23,1001.12,655.83,19.76,1002.02,557.5
1577959298.2378936,19.43,1001.73,733.33,20.23,1001.13,658.33,19.78,1002.04,556.67
1577959358.2358298,19.41,1001.74,714.17,20.23,1001.12,662.5,19.79,1002.02,559.17
1577959418.2316456,19.4,1001.72,698.33,20.23,1001.13,671.67,19.79,1002.01,567.5
1577959478.2278185,19.39,1001.72,686.67,20.25,1001.12,682.5,19.8,1002.0,577.5
1577959538.1991682,19.36,1001.7,675.83,20.26,1001.1,694.17,19.79,1001.97,585.83
1577959598.2211812,19.35,1001.72,670.0,20.27,1001.1,702.5,19.8,1001.97,589.17
1577959658.2191205,19.34,1001.7,669.17,20.29,1001.1,706.67,19.8,1001.97,590.83
1577959718.2168179,19.35,1001.67,672.5,20.29,1001.1,705.0,19.81,1001.97,587.5
1577959778.2128386,19.35,1001.66,685.83,20.29,1001.06,696.67,19.8,1001.94,580.83
1577959838.18288,19.34,1001.63,699.17,20.28,1001.05,690.83,19.81,1001.93,577.5
1577959898.2334669,19.34,1001.6,710.0,20.28,1000.99,684.17,19.83,1001.85,574.17
1577959958.178381,19.35,1001.58,718.33,20.27,1000.97,680.83,19.83,1001.85,574.17
1577960018.2279878,19.33,1001.59,725.83,20.28,1000.98,682.5,19.85,1001.84,571.67
1577960078.1985824,19.33,1001.56,731.67,20.28,1000.94,686.67,19.85,1001.84,571.67
1577960138.1950116,19.32,1001.56,735.0,20.27,1000.95,699.17,19.86,1001.8,575.83
1577960198.1917024,19.31,1001.56,732.5,20.28,1000.93,711.67,19.85,1001.81,586.67
1577960258.162577,19.31,1001.55,731.67,20.28,1000.93,730.83,19.86,1001.78,595.83
1577960318.2100923,19.32,1001.56,729.17,20.28,1000.95,744.17,19.86,1001.77,620.83
1577960378.182034,19.34,1001.54,726.67,20.28,1000.93,750.83,19.86,1001.77,620.83
1577960438.1784518,19.34,1001.54,729.17,20.29,1000.92,755.83,19.86,1001.77,625.83
1577960498.174407,19.34,1001.54,730.83,20.31,1000.94,758.33,19.86,1001.76,630.83
1577960558.1715848,19.33,1001.52,731.67,20.3,1000.93,765.0,19.88,1001.78,635.0
1577960618.143447,19.37,1001.52,737.5,20.31,1000.92,770.0,19.88,1001.77,640.0
1577960678.1649678,19.38,1001.5,738.33,20.31,1000.92,763.33,19.88,1001.76,641.67
1577960738.1605778,19.4,1001.5,749.17,20.31,1000.92,763.33,19.88,1001.76,636.67
1577960798.15805,19.4,1001.49,763.33,20.32,1000.92,767.5,19.87,1001.76,637.5
1577960858.153642,19.39,1001.49,771.67,20.32,1000.92,768.33,19.89,1001.76,635.0
1577960918.1241078,19.39,1001.49,773.33,20.31,1000.91,766.67,19.89,1001.76,632.5
1577960978.1726835,19.37,1001.49,816.67,20.28,1000.91,752.5,19.89,1001.76,623.33
1577961038.1460712,19.31,1001.49,821.67,20.27,1000.9,746.67,19.89,1001.76,623.33
1577961098.14303,19.32,1001.47,825.83,20.27,1000.89,738.33,19.89,1001.75,616.67
1577961158.1397316,19.33,1001.46,830.0,20.28,1000.87,725.83,19.89,1001.75,610.83
1577961218.1367989,19.33,1001.48,828.33,20.29,1000.87,705.83,19.88,1001.73,600.0
1577961278.1337035,19.33,1001.47,830.0,20.29,1000.88,697.5,19.87,1001.74,584.17
1577961338.1308079,19.35,1001.46,828.33,20.31,1000.87,678.33,19.86,1001.74,576.67
1577961398.1289368,19.34,1001.46,829.17,20.31,1000.87,670.83,19.87,1001.74,563.33
1577961458.1251779,19.36,1001.46,820.0,20.32,1000.86,656.67,19.86,1001.73,556.67
1577961518.1213398,19.33,1001.44,814.17,20.32,1000.85,650.0,19.86,1001.72,543.33
1577961578.1189463,19.36,1001.45,807.5,20.31,1000.86,637.5,19.87,1001.71,537.5
1577961638.0901043,19.37,1001.44,799.17,20.3,1000.85,620.83,19.87,1001.72,527.5
1577961698.1121757,19.41,1001.44,791.67,20.31,1000.85,606.67,19.88,1001.74,513.33
1577961758.1082945,19.44,1001.43,783.33,20.31,1000.85,606.67,19.88,1001.73,500.83
1577961818.1057343,19.51,1001.43,769.17,20.3,1000.85,590.0,19.89,1001.72,487.5
1577961878.1020446,19.48,1001.39,760.0,20.33,1000.83,577.5,19.9,1001.7,477.5
1577961938.0985267,19.48,1001.37,747.5,20.32,1000.81,572.5,19.92,1001.67,475.0
1577961998.0965889,19.45,1001.33,740.0,20.33,1000.78,571.67,19.93,1001.65,474.17
1577962058.0659392,19.35,1001.32,730.83,20.34,1000.74,577.5,19.94,1001.61,479.17
1577962118.116976,19.35,1001.3,717.5,20.35,1000.72,596.67,19.95,1001.6,498.33
1577962178.0632482,19.39,1001.3,706.67,20.35,1000.71,609.17,19.95,1001.6,498.33
1577962238.110136,19.37,1001.34,690.0,20.34,1000.73,620.83,19.97,1001.62,519.17
1577962298.081739,19.36,1001.35,682.5,20.34,1000.74,633.33,19.97,1001.62,519.17
1577962358.0803113,19.41,1001.36,675.83,20.35,1000.74,648.33,19.97,1001.61,529.17
1577962418.050243,19.41,1001.36,684.17,20.36,1000.74,665.83,19.98,1001.62,539.17
1577962478.0754073,19.4,1001.35,686.67,20.37,1000.75,683.33,20.0,1001.61,552.5
1577962538.068782,18.85,1001.37,697.5,20.37,1000.75,683.33,20.0,1001.62,566.67
1577962598.0652945,18.96,1001.35,703.33,20.38,1000.75,706.67,19.99,1001.61,584.17
1577962658.0351264,19.12,1001.34,709.17,20.37,1000.75,720.0,20.0,1001.63,592.5
1577962718.0863037,19.14,1001.35,726.67,20.34,1000.74,750.83,19.99,1001.62,613.33
1577962778.0565457,19.19,1001.33,742.5,20.34,1000.72,755.0,19.99,1001.62,613.33
1577962838.0543914,19.2,1001.3,763.33,20.35,1000.71,758.33,19.97,1001.59,617.5
1577962898.051151,19.22,1001.29,789.17,20.37,1000.69,761.67,19.95,1001.57,620.83
1577962958.0488315,19.25,1001.28,811.67,20.33,1000.68,755.0,19.94,1001.55,625.0
1577963018.0459673,19.2,1001.28,834.17,20.32,1000.68,741.67,19.93,1001.55,620.0
1577963078.042821,19.21,1001.26,855.83,20.31,1000.66,728.33,19.9,1001.54,610.83
1577963138.0146196,19.23,1001.26,879.17,20.3,1000.65,715.83,19.89,1001.52,601.67
1577963198.0432622,19.21,1001.27,898.33,20.3,1000.66,705.0,19.88,1001.53,593.33
1577963258.0321214,19.21,1001.26,911.67,20.3,1000.66,705.0,19.87,1001.53,587.5
1577963318.0298786,19.2,1001.23,915.83,20.27,1000.65,696.67,19.86,1001.51,583.33
1577963378.0268571,19.19,1001.23,916.67,20.24,1000.61,688.33,19.85,1001.49,578.33
1577963438.0235026,19.17,1001.21,911.67,20.23,1000.62,687.5,19.84,1001.48,579.17
1577963498.0205874,19.18,1001.2,905.83,20.23,1000.6,690.0,19.84,1001.47,581.67
1577963557.991394,19.19,1001.19,896.67,20.22,1000.59,691.67,19.83,1001.45,582.5
1577963618.014293,19.2,1001.18,890.0,20.22,1000.57,690.83,19.83,1001.44,581.67
1577963678.0108118,19.19,1001.21,880.83,20.21,1000.57,693.33,19.83,1001.43,581.67
1577963737.9814277,19.17,1001.21,870.83,20.21,1000.59,687.5,19.82,1001.46,577.5
1577963798.0314302,19.16,1001.18,874.17,20.21,1000.56,683.33,19.81,1001.43,573.33
1577963857.977327,19.17,1001.18,875.83,20.21,1000.56,685.0,19.81,1001.43,573.33
1577963918.0254788,19.15,1001.15,880.0,20.22,1000.56,685.0,19.8,1001.42,571.67
1577963977.9963543,19.14,1001.15,877.5,20.2,1000.55,675.0,19.8,1001.42,571.67
1577964037.9681444,19.11,1001.15,872.5,20.2,1000.56,663.33,19.79,1001.41,561.67
1577964098.0155616,19.11,1001.14,865.83,20.21,1000.55,648.33,19.8,1001.41,537.5
1577964157.987367,19.1,1001.13,860.83,20.22,1000.53,633.33,19.8,1001.41,537.5
1577964217.9844358,19.1,1001.13,857.5,20.21,1000.51,618.33,19.8,1001.38,526.67
1577964277.9818351,19.13,1001.1,849.17,20.2,1000.49,602.5,19.8,1001.37,515.83
1577964337.94676,19.13,1001.09,840.83,20.2,1000.48,591.67,19.79,1001.34,501.67
1577964398.0088248,19.12,1001.09,832.5,20.2,1000.46,580.0,19.79,1001.32,483.33
1577964457.975014,19.1,1001.07,826.67,20.2,1000.46,571.67,19.79,1001.33,477.5
1577964517.945905,19.07,1001.08,814.17,20.2,1000.46,562.5,19.78,1001.32,470.83
1577964577.9889069,19.08,1001.07,801.67,20.2,1000.45,557.5,19.78,1001.3,466.67
1577964637.9639227,19.09,1001.04,788.33,20.22,1000.42,555.83,19.78,1001.3,466.67
1577964697.9353516,19.11,1001.01,770.0,20.22,1000.4,555.0,19.79,1001.27,466.67
1577964757.9802861,19.08,1000.99,758.33,20.2,1000.38,563.33,19.77,1001.22,475.83
1577964817.9491923,19.07,1000.96,742.5,20.2,1000.33,566.67,19.77,1001.22,475.83
1577964877.951415,19.06,1000.93,730.0,20.21,1000.32,573.33,19.77,1001.19,480.0
1577964937.9484367,19.06,1000.93,719.17,20.21,1000.31,581.67,19.76,1001.17,487.5
1577964997.9188638,19.03,1000.93,711.67,20.21,1000.31,595.0,19.77,1001.16,495.83
1577965117.9394364,19.01,1000.93,728.33,20.18,1000.34,632.5,19.77,1001.17,525.0
1577965177.9347749,19.02,1000.94,743.33,20.18,1000.34,650.83,19.77,1001.18,542.5
1577965237.9069664,19.03,1000.95,750.83,20.19,1000.34,669.17,19.77,1001.19,561.67
1577965297.9545567,19.06,1000.93,761.67,20.19,1000.32,694.17,19.79,1001.17,598.33
1577965357.8997493,19.05,1000.92,780.83,20.19,1000.31,730.83,19.79,1001.17,598.33
1577965417.9563818,19.07,1000.91,777.5,20.19,1000.31,750.83,19.8,1001.14,637.5
1577965477.8963873,19.05,1000.88,792.5,20.2,1000.29,779.17,19.8,1001.12,656.67
1577965537.91969,19.04,1000.87,819.17,20.21,1000.26,806.67,19.8,1001.11,678.33
1577965597.9030735,19.05,1000.86,845.83,20.2,1000.24,825.0,19.8,1001.11,692.5
1577965657.913003,19.06,1000.83,877.5,20.22,1000.22,840.83,19.82,1001.07,704.17
1577965717.9092405,19.05,1000.81,906.67,20.22,1000.2,850.0,19.82,1001.04,713.33
1577965777.8990066,19.01,1000.76,924.17,20.23,1000.16,845.83,19.83,1001.0,709.17
1577965837.9040983,19.02,1000.73,920.83,20.23,1000.14,817.5,19.84,1000.98,683.33
1577965897.899528,19.06,1000.73,956.67,20.23,1000.12,798.33,19.83,1000.96,667.5
1577965957.8974125,19.07,1000.71,985.0,20.23,1000.1,775.83,19.83,1000.96,653.33
1577966017.8689158,19.04,1000.71,1070.0,20.22,1000.1,800.83,19.82,1000.94,675.0
1577966077.8912241,19.06,1000.72,1129.17,20.21,1000.11,808.33,19.82,1000.95,680.83
1577966137.86257,19.05,1000.75,1146.67,20.22,1000.14,795.83,19.83,1000.98,670.83
1577966197.9175029,19.06,1000.77,1167.5,20.23,1000.17,790.83,19.83,1001.01,666.67
1577966257.8563044,19.06,1000.81,1172.5,20.24,1000.19,782.5,19.84,1001.03,659.17
1577966377.8740628,19.1,1000.86,1160.83,20.25,1000.23,775.83,19.83,1001.06,656.67
1577966437.8716283,19.12,1000.86,1143.33,20.24,1000.24,775.0,19.84,1001.07,655.83
1577966497.8545141,19.14,1000.87,1143.33,20.24,1000.25,783.33,19.84,1001.08,655.83
1577966557.8385174,19.14,1000.87,1136.67,20.25,1000.24,788.33,19.84,1001.09,663.33
1577966617.8877285,19.14,1000.87,1112.5,20.26,1000.24,784.17,19.84,1001.08,659.17
1577966677.833013,19.13,1000.85,1082.5,20.26,1000.23,775.83,19.84,1001.08,659.17
1577966737.857928,19.15,1000.84,1098.33,20.27,1000.23,784.17,19.85,1001.06,650.83
1577966797.85099,19.15,1000.84,1102.5,20.27,1000.23,784.17,19.85,1001.06,654.17
1577966857.8486624,19.15,1000.83,1102.5,20.27,1000.22,786.67,19.85,1001.07,653.33
1577966917.8447347,19.13,1000.85,1102.5,20.28,1000.22,787.5,19.84,1001.06,652.5
1577966977.8047917,19.12,1000.85,1092.5,20.27,1000.22,792.5,19.84,1001.07,655.83
1577967037.862897,19.14,1000.83,1081.67,20.28,1000.2,797.5,19.84,1001.05,662.5
1577967097.8361669,19.16,1000.81,1064.17,20.28,1000.19,798.33,19.84,1001.05,662.5
1577967157.8079412,19.13,1000.81,1058.33,20.28,1000.16,797.5,19.85,1001.04,665.0
1577967217.855511,19.14,1000.8,1048.33,20.3,1000.15,790.83,19.85,1001.0,661.67
1577967277.8143241,19.14,1000.78,1035.83,20.3,1000.14,779.17,19.85,1001.0,661.67
1577967337.8106086,19.13,1000.75,1036.67,20.29,1000.12,768.33,19.85,1001.0,651.67
1577967397.821421,19.14,1000.73,1065.83,20.29,1000.09,760.83,19.85,1000.98,641.67
1577967457.8173864,19.16,1000.7,1080.0,20.31,1000.04,744.17,19.85,1000.94,635.0
1577967517.8022013,19.19,1000.64,1106.67,20.32,1000.01,730.0,19.85,1000.91,621.67
1577967577.8119097,19.21,1000.62,1138.33,20.32,999.98,718.33,19.85,1000.87,609.17
1577967637.8075268,19.2,1000.6,1186.67,20.32,999.96,715.0,19.86,1000.84,600.0
1577967697.7793689,19.19,1000.58,1229.17,20.32,999.97,713.33,19.86,1000.84,597.5
1577967757.824653,19.2,1000.57,1237.5,20.3,999.94,707.5,19.87,1000.82,592.5
1577967817.7865558,19.22,1000.58,1220.0,20.31,999.96,700.0,19.87,1000.82,592.5
1577967877.7968225,19.21,1000.59,1190.83,20.32,999.99,694.17,19.88,1000.83,587.5
1577967937.794978,19.24,1000.61,1180.0,20.32,1000.0,698.33,19.88,1000.85,586.67
1577967997.791798,19.24,1000.63,1194.17,20.33,1000.01,709.17,19.88,1000.86,590.0
1577968057.7634094,19.23,1000.64,1195.0,20.34,1000.03,721.67,19.88,1000.87,598.33
1577968117.7815733,19.22,1000.67,1192.5,20.34,1000.03,737.5,19.87,1000.9,608.33
1577968177.7548022,19.24,1000.66,1192.5,20.34,1000.03,737.5,19.88,1000.91,620.83
1577968237.7787046,19.25,1000.66,1173.33,20.34,1000.02,755.83,19.89,1000.9,635.0
1577968297.7673311,19.27,1000.64,1095.0,20.33,1000.03,770.0,19.9,1000.9,644.17
1577968357.7717443,19.24,1000.61,1045.0,20.33,1000.01,773.33,19.9,1000.88,649.17
1577968417.7694907,19.25,1000.6,1055.83,20.34,1000.01,782.5,19.91,1000.86,657.5
1577968477.7380536,19.3,1000.58,1104.17,20.35,999.98,797.5,19.91,1000.84,669.17
1577968537.7895622,19.31,1000.55,1101.67,20.35,999.94,815.0,19.91,1000.79,682.5
1577968597.7609205,19.31,1000.53,1081.67,20.35,999.91,807.5,19.91,1000.79,682.5
1577968657.7311516,19.3,1000.5,1058.33,20.36,999.89,794.17,19.91,1000.76,678.33
1577968717.7779167,19.3,1000.49,1041.67,20.36,999.87,778.33,19.93,1000.73,655.0
1577968777.7515118,19.3,1000.48,1025.0,20.36,999.85,758.33,19.93,1000.73,655.0
1577968837.7478712,19.28,1000.46,1064.17,20.37,999.84,746.67,19.92,1000.71,640.0
1577968897.7444053,19.33,1000.45,1080.0,20.36,999.84,727.5,19.92,1000.7,630.0
1577968957.7422533,19.32,1000.43,1086.67,20.36,999.82,708.33,19.93,1000.68,615.0
1577969017.7299242,19.34,1000.4,1106.67,20.36,999.8,693.33,19.92,1000.66,599.17
1577969077.7354062,19.35,1000.4,1121.67,20.35,999.79,677.5,19.93,1000.63,585.83
1577969137.7323155,19.34,1000.39,1121.67,20.34,999.79,664.17,19.92,1000.63,572.5
1577969197.7198462,19.35,1000.4,1116.67,20.35,999.8,654.17,19.92,1000.64,561.67
1577969257.7264962,19.37,1000.4,1103.33,20.35,999.8,647.5,19.91,1000.66,552.5
1577969317.723659,19.35,1000.43,1075.83,20.35,999.83,641.67,19.9,1000.67,545.0
1577969377.7194424,19.34,1000.44,1056.67,20.35,999.83,640.0,19.9,1000.68,537.5
1577969437.6914234,19.33,1000.45,1044.17,20.35,999.83,640.83,19.89,1000.7,533.33
1577969497.7241478,19.31,1000.46,1028.33,20.34,999.84,641.67,19.9,1000.71,525.83
1577969557.686489,19.34,1000.47,1004.17,20.33,999.85,640.83,19.9,1000.71,525.83
1577969617.736583,19.38,1000.5,978.33,20.34,999.87,640.0,19.89,1000.73,516.67
1577969677.6817763,19.37,1000.51,958.33,20.34,999.89,636.67,19.89,1000.73,516.67
1577969737.7107315,19.37,1000.52,945.0,20.33,999.9,634.17,19.9,1000.76,510.83
1577969797.673756,19.32,1000.52,925.83,20.33,999.9,634.17,19.9,1000.77,506.67
1577969857.6972997,19.34,1000.51,911.67,20.32,999.88,630.0,19.91,1000.77,500.83
1577969917.6671977,19.33,1000.5,901.67,20.32,999.89,625.0,19.89,1000.75,496.67
1577969977.7184088,19.34,1000.48,900.83,20.31,999.88,612.5,19.89,1000.76,487.5
1577970037.6637225,19.35,1000.49,906.67,20.31,999.88,605.0,19.89,1000.76,487.5
1577970097.712606,19.34,1000.48,907.5,20.3,999.85,596.67,19.89,1000.73,476.67
1577970157.6829402,19.36,1000.45,890.83,20.3,999.84,584.17,19.89,1000.73,476.67
1577970217.679729,19.32,1000.44,885.83,20.31,999.84,573.33,19.89,1000.71,467.5
1577970277.676949,19.33,1000.42,876.67,20.32,999.83,564.17,19.89,1000.69,460.83
1577970337.674283,19.35,1000.41,857.5,20.32,999.81,555.0,19.88,1000.69,453.33
1577970397.669593,19.32,1000.41,846.67,20.31,999.8,546.67,19.87,1000.67,445.83
1577970457.6672325,19.3,1000.4,838.33,20.3,999.79,540.0,19.87,1000.66,440.0
1577970517.6645036,19.31,1000.4,836.67,20.31,999.79,535.83,19.87,1000.64,435.0
1577970577.6598933,19.3,1000.4,832.5,20.31,999.79,530.0,19.86,1000.63,431.67
1577970637.6574323,19.26,1000.4,832.5,20.31,999.78,526.67,19.86,1000.63,428.33
1577970697.655166,19.24,1000.4,834.17,20.29,999.78,523.33,19.86,1000.63,426.67
1577970757.6253889,19.28,1000.39,822.5,20.28,999.78,518.33,19.85,1000.63,425.83
1577970817.6744313,19.3,1000.39,810.83,20.29,999.77,512.5,19.84,1000.62,420.0
1577970877.6452565,19.31,1000.37,800.83,20.28,999.75,505.83,19.84,1000.62,420.0
1577970937.6423757,19.3,1000.37,790.83,20.27,999.74,499.17,19.84,1000.61,415.83
1577970997.6386058,19.27,1000.35,777.5,20.26,999.72,491.67,19.84,1000.61,410.83
1577971057.635846,19.29,1000.33,758.33,20.26,999.7,484.17,19.84,1000.58,405.0
1577971117.6335368,19.29,1000.33,745.0,20.26,999.71,477.5,19.83,1000.57,398.33
1577971177.629997,19.29,1000.29,734.17,20.26,999.7,472.5,19.83,1000.57,393.33
1577971237.62771,19.28,1000.3,727.5,20.26,999.67,469.17,19.83,1000.57,389.17
1577971297.6250162,19.27,1000.29,726.67,20.25,999.67,466.67,19.82,1000.55,386.67
1577971357.6218858,19.28,1000.29,725.83,20.26,999.68,464.17,19.81,1000.54,384.17
1577971417.592536,19.3,1000.27,720.83,20.25,999.67,461.67,19.82,1000.53,382.5
1577971477.641976,19.29,1000.28,716.67,20.25,999.68,460.83,19.79,1000.54,379.17
1577971537.5877948,19.29,1000.27,713.33,20.24,999.66,460.0,19.79,1000.54,379.17
1577971597.6087935,19.31,1000.26,712.5,20.24,999.66,460.83,19.79,1000.53,378.33
1577971657.605181,19.29,1000.27,712.5,20.24,999.66,460.83,19.79,1000.51,377.5
1577971717.5752244,19.28,1000.29,709.17,20.23,999.65,460.0,19.77,1000.52,376.67
1577971777.5984504,19.28,1000.29,704.17,20.23,999.67,460.0,19.78,1000.53,376.67
1577971837.5959582,19.26,1000.31,699.17,20.22,999.67,459.17,19.79,1000.54,375.83
1577971897.5925531,19.25,1000.32,693.33,20.2,999.68,457.5,19.8,1000.56,375.0
1577971957.5620813,19.25,1000.35,688.33,20.2,999.7,455.0,19.79,1000.58,374.17
1577972017.6142535,19.25,1000.36,681.67,20.2,999.74,450.0,19.79,1000.59,373.33
1577972077.584385,19.23,1000.36,674.17,20.19,999.74,447.5,19.79,1000.59,373.33
1577972137.5814729,19.25,1000.37,665.83,20.18,999.74,445.0,19.79,1000.6,372.5
1577972197.5528975,19.24,1000.37,660.0,20.17,999.76,442.5,19.78,1000.62,370.83
1577972257.5980818,19.27,1000.38,655.0,20.16,999.75,440.83,19.78,1000.63,367.5
1577972317.545579,19.26,1000.37,650.83,20.15,999.76,439.17,19.78,1000.63,367.5
1577972377.5951195,19.26,1000.37,645.83,20.16,999.75,439.17,19.78,1000.63,365.83
1577972437.5658326,19.26,1000.36,641.67,20.16,999.75,439.17,19.78,1000.63,365.83
1577972497.562723,19.25,1000.36,638.33,20.16,999.74,439.17,19.78,1000.61,365.0
1577972557.5597866,19.24,1000.34,634.17,20.16,999.74,438.33,19.77,1000.6,364.17
1577972617.5563004,19.25,1000.33,629.17,20.16,999.73,438.33,19.76,1000.59,363.33
1577972677.5527809,19.24,1000.32,623.33,20.17,999.73,438.33,19.77,1000.58,362.5
1577972737.52411,19.24,1000.33,616.67,20.17,999.72,437.5,19.77,1000.59,362.5
1577972797.572328,19.24,1000.32,610.0,20.16,999.7,435.83,19.76,1000.55,359.17
1577972857.5445704,19.25,1000.29,604.17,20.14,999.65,432.5,19.76,1000.55,359.17
1577972917.515935,19.26,1000.28,600.0,20.13,999.65,428.33,19.76,1000.53,356.67
1577972977.5629878,19.25,1000.3,596.67,20.13,999.67,420.83,19.75,1000.54,346.67
1577973037.510424,19.23,1000.32,593.33,20.12,999.69,414.17,19.75,1000.54,346.67
1577973097.5582926,19.23,1000.33,595.0,20.12,999.68,407.5,19.74,1000.56,334.17
1577973157.5039263,19.22,1000.31,595.0,20.12,999.68,400.0,19.74,1000.56,334.17
1577973217.5525606,19.21,1000.32,595.83,20.11,999.7,393.33,19.72,1000.56,320.83
1577973277.4980147,19.19,1000.31,595.83,20.12,999.7,385.83,19.72,1000.56,320.83
1577973337.5200665,19.17,1000.31,595.83,20.14,999.71,378.33,19.72,1000.57,315.0
1577973397.488433,19.15,1000.31,595.0,20.14,999.71,378.33,19.73,1000.57,308.33
1577973457.5385754,19.17,1000.32,590.0,20.15,999.71,360.83,19.75,1000.59,292.5
1577973517.509848,19.19,1000.33,587.5,20.17,999.72,351.67,19.75,1000.59,292.5
1577973577.4811804,19.26,1000.32,582.5,20.18,999.72,340.83,19.78,1000.59,283.33
1577973637.5079565,19.31,1000.29,574.17,20.2,999.7,330.0,19.8,1000.58,273.33
1577973697.499163,19.33,1000.28,566.67,20.2,999.7,330.0,19.81,1000.58,264.17
1577973757.4963896,19.33,1000.27,560.83,20.19,999.69,317.5,19.8,1000.57,254.17
1577973817.4661686,19.35,1000.25,558.33,20.22,999.68,305.83,19.8,1000.54,242.5
1577973877.4896924,19.36,1000.22,556.67,20.23,999.67,295.0,19.82,1000.52,232.5
1577973937.4867408,19.38,1000.21,555.83,20.23,999.65,286.67,19.82,1000.48,222.5
1577973997.4829557,19.38,1000.21,550.83,20.24,999.64,279.17,19.82,1000.49,214.17
1577974057.4533155,19.41,1000.19,536.67,20.25,999.62,272.5,19.83,1000.46,206.67
1577974117.502245,19.43,1000.17,518.33,20.23,999.6,256.67,19.84,1000.41,193.33
1577974177.4748414,19.42,1000.17,490.83,20.22,999.59,246.67,19.84,1000.41,193.33
1577974237.4709024,19.39,1000.17,462.5,20.22,999.61,237.5,19.83,1000.42,186.67
1577974297.4425118,19.38,1000.19,436.67,20.23,999.62,228.33,19.84,1000.42,180.0
1577974357.4896617,19.38,1000.18,414.17,20.23,999.63,220.83,19.84,1000.48,169.17
1577974417.462181,19.39,1000.18,395.83,20.24,999.64,215.83,19.84,1000.48,169.17
1577974477.433697,19.39,1000.17,381.67,20.23,999.63,213.33,19.83,1000.46,165.0
1577974537.4589486,19.39,1000.18,367.5,20.23,999.63,208.33,19.84,1000.47,161.67
1577974597.4511926,19.4,1000.19,355.0,20.23,999.63,208.33,19.83,1000.49,159.17
1577974657.4488742,19.42,1000.21,341.67,20.23,999.64,205.83,19.82,1000.52,155.83
1577974717.444557,19.39,1000.21,332.5,20.23,999.65,201.67,19.82,1000.51,152.5
1577974777.4418392,19.39,1000.21,327.5,20.23,999.66,199.17,19.82,1000.51,149.17
1577974837.4123154,19.4,1000.21,325.83,20.23,999.65,197.5,19.82,1000.5,146.67
1577974897.434633,19.4,1000.2,324.17,20.25,999.64,196.67,19.82,1000.49,144.17
1577974957.4052386,19.39,1000.2,317.5,20.26,999.65,195.83,19.82,1000.49,141.67
1577975017.4557195,19.37,1000.21,304.17,20.25,999.64,183.33,19.81,1000.5,134.17
1577975077.4009824,19.39,1000.2,290.0,20.25,999.63,175.83,19.81,1000.5,134.17
1577975197.4199512,19.38,1000.2,260.0,20.25,999.64,160.0,19.82,1000.49,125.0
1577975257.3911207,19.36,1000.21,245.83,20.24,999.66,152.5,19.83,1000.49,120.0
1577975317.4398966,19.39,1000.22,232.5,20.24,999.64,145.0,19.84,1000.49,110.0
1577975377.4102821,19.46,1000.22,218.33,20.25,999.64,137.5,19.84,1000.49,110.0
1577975437.380891,19.49,1000.21,206.67,20.25,999.65,130.0,19.83,1000.49,106.67
1577975497.4300084,19.52,1000.2,194.17,20.24,999.65,122.5,19.81,1000.5,96.67
1577975557.3749223,19.54,1000.21,181.67,20.24,999.66,115.83,19.81,1000.5,96.67
1577975617.3965747,19.56,1000.21,169.17,20.22,999.65,109.17,19.8,1000.52,91.67
1577975677.3929389,19.58,1000.2,157.5,20.22,999.65,109.17,19.8,1000.53,87.5
1577975737.3630395,19.59,1000.18,145.0,20.21,999.65,101.67,19.81,1000.52,82.5
1577975797.3853166,19.54,1000.16,133.33,20.2,999.64,94.17,19.81,1000.51,78.33
1577975857.3829923,19.55,1000.15,124.17,20.18,999.63,88.33,19.8,1000.5,73.33
1577975917.3797166,19.51,1000.15,115.83,20.18,999.61,82.5,19.79,1000.48,69.17
1577975977.3757305,19.53,1000.12,107.5,20.17,999.58,77.5,19.78,1000.46,65.0
1577976037.346418,19.53,1000.09,100.0,20.17,999.57,72.5,19.78,1000.46,60.83
1577976097.3968017,19.48,1000.1,92.5,20.16,999.56,61.67,19.77,1000.44,52.5
1577976157.3680594,19.48,1000.12,85.83,20.16,999.54,56.67,19.77,1000.44,52.5
1577976217.340207,19.51,1000.11,79.17,20.14,999.53,53.33,19.76,1000.42,48.33
1577976277.387684,19.52,1000.14,72.5,20.14,999.56,47.5,19.75,1000.44,41.67
1577976337.3601038,19.52,1000.12,65.83,20.15,999.56,44.17,19.75,1000.44,41.67
1577976397.3314867,19.52,1000.13,60.0,20.15,999.56,40.0,19.74,1000.43,38.33
1577976457.3536363,19.5,1000.13,55.0,20.13,999.57,36.67,19.74,1000.43,35.0
1577976517.3490038,19.47,1000.14,51.67,20.13,999.57,36.67,19.74,1000.44,31.67
1577976577.3453403,19.45,1000.15,47.5,20.11,999.56,33.33,19.73,1000.44,29.17
1577976637.3419254,19.44,1000.17,44.17,20.1,999.58,30.83,19.73,1000.46,26.67
1577976697.339229,19.43,1000.18,40.83,20.1,999.58,28.33,19.73,1000.46,24.17
1577976757.3354738,19.44,1000.18,37.5,20.1,999.59,25.0,19.73,1000.46,22.5
1577976817.3322117,19.42,1000.15,33.33,20.1,999.58,22.5,19.72,1000.45,20.0
1577976877.3288844,19.42,1000.15,30.83,20.09,999.57,20.83,19.73,1000.44,18.33
1577976937.299596,19.38,1000.14,29.17,20.08,999.57,19.17,19.73,1000.44,16.67
1577976997.3488557,19.4,1000.15,27.5,20.08,999.55,15.83,19.72,1000.42,15.0
1577977057.3204055,19.4,1000.16,25.83,20.08,999.56,15.0,19.72,1000.42,15.0
1577977117.3176777,19.42,1000.15,23.33,20.08,999.56,13.33,19.71,1000.43,14.17
1577977177.3134317,19.43,1000.14,20.83,20.09,999.55,12.5,19.72,1000.42,12.5
1577977237.3108287,19.4,1000.14,39.17,20.08,999.55,11.67,19.72,1000.42,11.67
1577977297.308274,19.38,1000.13,37.5,20.09,999.55,10.83,19.72,1000.42,10.83
1577977357.3038356,19.34,1000.14,34.17,20.09,999.56,9.17,19.71,1000.43,9.17
1577977417.3007922,19.27,1000.14,33.33,20.09,999.55,8.33,19.7,1000.42,8.33
1577977477.2974706,19.26,1000.13,30.83,20.08,999.55,7.5,19.71,1000.42,7.5
1577977537.2942476,19.21,1000.15,29.17,20.09,999.55,6.67,19.71,1000.43,6.67
1577977597.2907503,19.19,1000.17,28.33,20.09,999.56,5.83,19.71,1000.41,5.83
1577977657.2874696,19.14,1000.18,26.67,20.1,999.57,5.0,19.71,1000.42,5.0
1577977717.2844055,19.14,1000.17,25.83,20.1,999.56,4.17,19.69,1000.41,4.17
1577977777.2555852,19.15,1000.18,25.0,20.09,999.57,3.33,19.68,1000.42,3.33
1577977837.3011851,19.16,1000.18,24.17,20.1,999.56,2.5,19.68,1000.43,2.5
1577977897.2758055,19.14,1000.16,23.33,20.1,999.55,2.5,19.68,1000.43,2.5
1577977957.272754,19.13,1000.14,22.5,20.08,999.54,1.67,19.68,1000.42,2.5
1577978017.26868,19.19,1000.14,21.67,20.06,999.53,1.67,19.68,1000.4,1.67
1577978077.2653337,19.21,1000.13,21.67,20.07,999.52,0.83,19.69,1000.39,1.67
1577978137.2624152,19.22,1000.13,21.67,20.06,999.51,0.83,19.7,1000.39,1.67
1577978197.2331686,19.21,1000.12,21.67,20.08,999.51,0.83,19.7,1000.39,1.67
1577978257.2817092,19.15,1000.12,21.67,20.09,999.5,0.83,19.71,1000.36,0.83
1577978317.2528481,19.09,1000.11,20.83,20.08,999.51,0.83,19.71,1000.36,0.83
1577978377.2490752,19.04,1000.08,20.83,20.05,999.48,0.83,19.71,1000.36,0.83
1577978437.246507,19.01,1000.07,20.83,20.02,999.47,0.0,19.69,1000.35,0.83
1577978497.2432072,19.01,1000.06,20.83,20.02,999.46,0.0,19.69,1000.34,0.83
1577978557.213665,18.99,1000.07,20.83,20.02,999.46,0.0,19.68,1000.34,0.83
1577978617.2603142,19.0,1000.06,20.0,20.04,999.46,0.0,19.67,1000.35,0.83
1577978677.2075813,18.99,1000.05,20.0,20.03,999.44,0.0,19.67,1000.35,0.83
1577978737.229507,19.0,1000.04,20.0,20.01,999.42,0.0,19.67,1000.33,0.83
1577978797.2251592,18.95,1000.03,20.0,20.01,999.42,0.0,19.66,1000.33,0.83
1577978857.2217643,18.95,1000.02,20.0,20.0,999.41,0.0,19.66,1000.31,0.83
1577978917.2178252,18.97,1000.01,20.0,20.0,999.4,0.0,19.65,1000.29,0.83
1577978977.1879382,18.93,1000.02,20.0,20.01,999.4,0.0,19.65,1000.29,0.83
1577979037.2385163,18.87,1000.02,19.17,19.99,999.39,0.0,19.64,1000.28,0.0
1577979097.1836252,18.86,999.99,19.17,19.99,999.39,0.0,19.64,1000.28,0.0
1577979157.2327795,18.88,999.99,19.17,20.0,999.38,0.0,19.64,1000.28,0.0
1577979217.177471,18.92,999.99,2.5,20.0,999.38,0.0,19.64,1000.28,0.0
1577979277.1999302,18.9,1000.0,2.5,20.0,999.37,0.0,19.65,1000.29,0.0
1577979337.167999,18.89,999.97,1.67,20.0,999.37,0.0,19.66,1000.27,0.0
1577979397.217695,18.93,999.98,2.5,19.97,999.37,0.0,19.64,1000.25,0.0
1577979457.1894722,18.93,999.98,2.5,19.96,999.36,0.0,19.64,1000.25,0.0
1577979517.1865263,18.95,999.99,2.5,19.98,999.37,0.0,19.62,1000.25,0.0
1577979577.1839871,18.93,1000.0,1.67,20.0,999.38,0.0,19.62,1000.26,0.0
1577979637.1806045,18.92,1000.01,1.67,20.01,999.4,0.0,19.62,1000.27,0.0
1577979697.152025,18.95,1000.02,2.5,20.02,999.42,0.0,19.61,1000.3,0.0
1577979757.1747103,18.96,1000.04,2.5,20.02,999.42,0.0,19.6,1000.3,0.0
1577979817.169357,18.98,1000.04,1.67,20.02,999.42,0.0,19.6,1000.31,0.0
1577979877.1397948,18.96,1000.05,2.5,20.03,999.42,0.0,19.59,1000.31,0.0
1577979937.188836,18.94,1000.05,2.5,20.03,999.43,0.0,19.59,1000.34,0.0
1577979997.160693,18.91,1000.06,1.67,20.04,999.43,0.0,19.59,1000.34,0.0
1577980057.1527934,18.91,1000.05,2.5,20.04,999.44,0.0,19.6,1000.34,0.0
1577980117.1271787,18.9,1000.06,1.67,20.04,999.44,0.0,19.6,1000.35,0.0
1577980177.1638255,18.9,1000.06,1.67,20.04,999.43,0.0,19.59,1000.35,0.0
1577980237.1432831,18.89,1000.06,2.5,20.06,999.44,0.0,19.59,1000.35,0.0
1577980297.1422312,18.91,1000.06,2.5,20.08,999.45,0.0,19.6,1000.35,0.0
1577980357.1401973,18.9,1000.07,2.5,20.07,999.45,0.0,19.59,1000.35,0.0
1577980417.1369147,18.9,1000.05,2.5,20.06,999.44,0.0,19.58,1000.35,0.0
1577980477.1070209,18.88,1000.05,2.5,20.05,999.44,0.0,19.59,1000.34,0.0
1577980537.132159,18.86,1000.07,2.5,20.06,999.43,0.0,19.59,1000.34,0.0
1577980597.1250908,18.86,1000.07,2.5,20.06,999.43,0.0,19.59,1000.35,0.0
1577980657.1172605,18.86,1000.06,2.5,20.06,999.44,0.0,19.58,1000.34,0.0
1577980717.1178417,18.85,1000.08,2.5,20.06,999.45,0.0,19.59,1000.35,0.0
1577980777.088654,18.85,1000.09,2.5,20.06,999.45,0.0,19.58,1000.36,0.0
1577980837.110469,18.85,1000.11,3.33,20.06,999.46,0.0,19.58,1000.36,0.0
1577980897.1077023,18.82,1000.11,2.5,20.05,999.46,0.0,19.58,1000.36,0.0
1577980957.1045291,18.82,1000.12,1.67,20.04,999.47,0.0,19.58,1000.37,0.0
1577981017.1021714,18.83,1000.11,1.67,20.04,999.48,0.0,19.58,1000.38,0.0
1577981077.098648,18.84,1000.12,1.67,20.03,999.47,0.0,19.58,1000.37,0.0
1577981137.0955927,18.87,1000.1,1.67,20.02,999.47,0.0,19.58,1000.37,0.0
1577981197.0924268,18.88,1000.1,1.67,20.01,999.47,0.0,19.58,1000.37,0.0
1577981257.0892484,18.87,1000.11,1.67,20.02,999.48,0.0,19.57,1000.36,0.0
1577981317.0521524,18.87,1000.13,1.67,20.03,999.49,0.0,19.57,1000.38,0.0
1577981377.11009,18.87,1000.13,1.67,20.03,999.51,0.0,19.57,1000.4,0.0
1577981437.0812705,18.86,1000.15,1.67,20.03,999.5,0.0,19.57,1000.4,0.0
1577981497.0770924,18.83,1000.15,1.67,20.03,999.5,0.0,19.56,1000.4,0.0
1577981557.073739,18.83,1000.16,1.67,20.03,999.5,0.0,19.56,1000.4,0.0
1577981617.071198,18.84,1000.15,2.5,20.03,999.52,0.0,19.56,1000.39,0.0
1577981677.0522277,18.82,1000.16,1.67,20.04,999.51,0.0,19.55,1000.4,0.0
1577981737.0352144,18.81,1000.17,1.67,20.05,999.51,0.0,19.54,1000.4,0.0
1577981797.083525,18.81,1000.17,1.67,20.06,999.52,0.0,19.53,1000.4,0.0
1577981857.0460114,18.83,1000.17,2.5,20.06,999.52,0.0,19.53,1000.4,0.0
1577981917.047718,18.83,1000.16,2.5,20.05,999.52,0.0,19.54,1000.41,0.0
1577981977.044185,18.82,1000.17,2.5,20.03,999.51,0.0,19.55,1000.42,0.0
1577982037.0078862,18.82,1000.15,2.5,20.04,999.5,0.0,19.54,1000.4,0.0
1577982097.0676913,18.82,1000.15,2.5,20.02,999.5,0.0,19.52,1000.39,0.0
1577982157.0348988,18.85,1000.15,2.5,20.01,999.5,0.0,19.52,1000.39,0.0
1577982217.0216408,18.86,1000.15,2.5,20.01,999.5,0.0,19.52,1000.39,0.0
1577982277.0075648,18.85,1000.13,2.5,20.02,999.48,0.0,19.52,1000.37,0.0
1577982337.0506737,18.82,1000.12,2.5,20.02,999.47,0.0,19.53,1000.35,0.0
1577982397.000284,18.81,1000.08,2.5,20.01,999.45,0.0,19.53,1000.35,0.0
1577982457.049353,18.81,1000.07,2.5,20.01,999.42,0.0,19.52,1000.31,0.0
1577982516.9822857,18.81,1000.04,2.5,20.0,999.41,0.0,19.52,1000.31,0.0
1577982577.0156224,18.8,1000.03,2.5,20.02,999.41,0.0,19.5,1000.3,0.0
1577982636.9967947,18.79,1000.03,3.33,20.02,999.41,0.0,19.51,1000.28,0.0
1577982696.9987688,18.78,1000.03,2.5,20.02,999.39,0.0,19.52,1000.27,0.0
1577982757.001631,18.77,1000.02,2.5,20.02,999.39,0.0,19.54,1000.27,0.0
1577982816.9885404,18.76,999.99,2.5,20.03,999.36,0.0,19.53,1000.25,0.0
1577982876.972923,18.77,999.98,2.5,20.02,999.36,0.0,19.54,1000.25,0.0
1577982937.0144238,18.78,999.97,2.5,20.01,999.34,0.0,19.54,1000.21,0.0
1577982996.988229,18.76,999.96,3.33,20.02,999.32,0.0,19.54,1000.21,0.0
1577983056.96481,18.76,999.93,2.5,20.0,999.3,0.0,19.55,1000.2,0.0
1577983117.0102763,18.76,999.93,2.5,20.0,999.28,0.0,19.55,1000.16,0.0
1577983176.9718032,18.73,999.92,2.5,19.99,999.26,0.0,19.55,1000.16,0.0
1577983236.9802015,18.74,999.9,2.5,20.0,999.25,0.0,19.55,1000.15,0.0
1577983296.9504757,18.73,999.9,2.5,20.0,999.23,0.0,19.55,1000.14,0.0
1577983356.987569,18.75,999.88,2.5,20.0,999.22,0.0,19.54,1000.1,0.0
1577983416.9636633,18.75,999.84,2.5,20.01,999.19,0.0,19.54,1000.1,0.0
1577983476.94087,18.75,999.81,3.33,20.01,999.19,0.0,19.54,1000.08,0.0
1577983536.9636307,18.76,999.81,2.5,20.0,999.2,0.0,19.54,1000.08,0.0
1577983596.9557261,18.75,999.8,2.5,20.0,999.2,0.0,19.53,1000.05,0.0
1577983656.9495301,18.75,999.8,2.5,19.99,999.2,0.0,19.53,1000.05,0.0
1577983716.9503329,18.74,999.81,2.5,19.99,999.19,0.0,19.53,1000.04,0.0
1577983776.9426682,18.75,999.79,2.5,19.98,999.19,0.0,19.51,1000.05,0.0
1577983836.944133,18.74,999.8,2.5,19.98,999.18,0.0,19.51,1000.06,0.0
1577983896.9141912,18.73,999.8,3.33,19.98,999.17,0.0,19.51,1000.04,0.0
1577983956.921669,18.73,999.78,2.5,19.98,999.16,0.0,19.51,1000.03,0.0
1577984016.9187315,18.77,999.76,2.5,19.96,999.15,0.0,19.51,1000.02,0.0
1577984076.929336,18.77,999.76,3.33,19.95,999.14,0.0,19.5,999.99,0.0
1577984136.9258738,18.76,999.76,2.5,19.95,999.13,0.0,19.5,1000.0,0.0
1577984196.9221914,18.75,999.75,2.5,19.95,999.13,0.0,19.51,999.97,0.0
1577984256.9085956,18.73,999.74,2.5,19.95,999.12,0.0,19.52,999.94,0.0
1577984316.9045222,18.72,999.72,3.33,19.96,999.11,0.0,19.51,999.94,0.0
1577984376.9028993,18.73,999.73,2.5,19.95,999.09,0.0,19.5,999.94,0.0
1577984436.9029167,18.76,999.73,2.5,19.93,999.1,0.0,19.5,999.94,0.0
1577984496.898365,18.77,999.73,2.5,19.92,999.09,0.0,19.5,999.95,0.0
1577984556.9026704,18.73,999.73,2.5,19.92,999.1,0.0,19.49,999.95,0.0
1577984616.8648274,18.73,999.72,2.5,19.92,999.09,0.0,19.49,999.94,0.0
1577984676.8861558,18.73,999.72,2.5,19.93,999.08,0.0,19.49,999.94,0.0
1577984736.8784714,18.74,999.72,2.5,19.92,999.08,0.0,19.48,999.96,0.0
1577984796.877899,18.75,999.71,2.5,19.92,999.08,0.0,19.47,999.96,0.0
1577984856.8820157,18.72,999.71,2.5,19.94,999.06,0.0,19.47,999.95,0.0
1577984916.8813,18.72,999.7,2.5,19.94,999.06,0.0,19.47,999.95,0.0
1577984976.8719158,18.72,999.7,2.5,19.93,999.06,0.0,19.48,999.93,0.0
1577985036.874191,18.74,999.71,2.5,19.93,999.06,0.0,19.49,999.93,0.0
1577985096.8616304,18.75,999.71,2.5,19.92,999.07,0.0,19.48,999.95,0.0
1577985156.8532546,18.74,999.72,2.5,19.91,999.07,0.0,19.47,999.96,0.0
1577985216.853732,18.73,999.71,2.5,19.92,999.08,0.0,19.47,999.96,0.0
1577985276.860157,18.74,999.71,2.5,19.93,999.07,0.0,19.47,999.97,0.0
1577985336.829925,18.72,999.71,2.5,19.92,999.06,0.0,19.47,999.96,0.0
1577985396.8534062,18.74,999.69,2.5,19.94,999.06,0.0,19.46,999.96,0.0
1577985456.8497596,18.73,999.69,2.5,19.94,999.05,0.0,19.45,999.95,0.0
1577985516.8192449,18.72,999.69,1.67,19.95,999.05,0.0,19.44,999.93,0.0
1577985576.8681374,18.7,999.67,3.33,19.93,999.02,0.0,19.45,999.92,0.0
1577985636.8257165,18.71,999.66,2.5,19.94,999.02,0.0,19.45,999.92,0.0
1577985696.8365958,18.72,999.65,2.5,19.94,998.99,0.0,19.45,999.91,0.0
1577985756.8322387,18.72,999.64,2.5,19.94,999.0,0.0,19.45,999.87,0.0
1577985816.8302066,18.71,999.64,2.5,19.94,999.0,0.0,19.44,999.86,0.0
1577985876.8004081,18.7,999.63,2.5,19.93,998.99,0.0,19.45,999.87,0.0
1577985936.8395147,18.72,999.63,2.5,19.92,998.99,0.0,19.46,999.86,0.0
1577985996.7944207,18.72,999.62,2.5,19.92,998.99,0.0,19.46,999.86,0.0
1577986116.813716,18.7,999.65,2.5,19.91,998.99,0.0,19.44,999.85,0.0
1577986176.8062732,18.7,999.65,2.5,19.92,999.0,0.0,19.44,999.85,0.0
1577986236.7707431,18.71,999.66,2.5,19.92,999.01,0.0,19.44,999.86,0.0
1577986296.8274405,18.7,999.65,2.5,19.93,999.01,0.0,19.43,999.89,0.0
1577986356.8000546,18.7,999.65,2.5,19.93,999.02,0.0,19.43,999.89,0.0
1577986416.7962697,18.68,999.65,2.5,19.94,999.01,0.0,19.43,999.88,0.0
1577986476.7937117,18.68,999.65,3.33,19.95,999.0,0.0,19.43,999.88,0.0
1577986536.7856987,18.7,999.65,1.67,19.97,999.0,0.0,19.44,999.87,0.0
1577986596.785686,18.71,999.64,1.67,19.97,999.0,0.0,19.45,999.89,0.0
1577986656.7827964,18.72,999.63,1.67,19.98,999.01,0.0,19.46,999.87,0.0
1577986716.7705092,18.71,999.63,2.5,19.98,999.01,0.0,19.46,999.87,0.0
1577986776.7758436,18.7,999.65,2.5,19.99,999.0,0.0,19.45,999.88,0.0
1577986836.7729094,18.7,999.65,3.33,19.98,999.01,0.0,19.44,999.87,0.0
1577986896.7627916,18.69,999.65,2.5,19.97,999.0,0.0,19.43,999.87,0.0
1577986956.764992,18.71,999.64,2.5,19.96,999.0,0.0,19.43,999.88,0.0
1577987016.7627335,18.7,999.64,2.5,19.96,998.99,0.0,19.42,999.89,0.0
1577987076.7575953,18.7,999.62,3.33,19.96,998.98,0.0,19.42,999.87,0.0
1577987136.7550714,18.71,999.6,2.5,19.97,998.98,0.0,19.43,999.85,0.0
1577987196.7504776,18.72,999.6,2.5,19.97,998.98,0.0,19.43,999.84,0.0
1577987256.740421,18.72,999.6,3.33,19.97,998.96,0.0,19.43,999.82,0.0
1577987316.7410173,18.71,999.59,2.5,19.98,998.96,0.0,19.42,999.82,0.0
1577987376.7303019,18.7,999.58,1.67,19.98,998.96,0.0,19.42,999.81,0.0
1577987436.724445,18.7,999.57,1.67,19.98,998.94,0.0,19.41,999.81,0.0
1577987496.7333124,18.71,999.57,2.5,19.97,998.94,0.0,19.41,999.81,0.0
1577987556.697994,18.72,999.55,2.5,19.96,998.94,0.0,19.41,999.79,0.0
1577987616.7425961,18.7,999.53,2.5,19.96,998.92,0.0,19.41,999.76,0.0
1577987676.7249923,18.69,999.53,2.5,19.97,998.92,0.0,19.41,999.76,0.0
1577987736.6916668,18.68,999.53,2.5,19.98,998.89,0.0,19.39,999.76,0.0
1577987796.744464,18.7,999.53,2.5,19.97,998.89,0.0,19.38,999.77,0.0
1577987856.6896029,18.68,999.52,2.5,19.97,998.88,0.0,19.38,999.77,0.0
1577987916.7227497,18.68,999.54,2.5,19.98,998.88,0.0,19.36,999.79,0.0
1577987976.6955907,18.69,999.54,3.33,19.98,998.89,0.0,19.36,999.79,0.0
1577988036.6679971,18.67,999.54,2.5,19.97,998.9,0.0,19.37,999.76,0.0
1577988096.6902068,18.65,999.54,2.5,19.95,998.89,0.0,19.38,999.73,0.0
1577988156.685979,18.66,999.52,2.5,19.95,998.89,0.0,19.38,999.72,0.0
1577988216.6899388,18.69,999.5,2.5,19.96,998.88,0.0,19.4,999.71,0.0
1577988276.6846037,18.7,999.49,2.5,19.94,998.86,0.0,19.4,999.69,0.0
1577988336.6790633,18.68,999.48,2.5,19.95,998.84,0.0,19.4,999.68,0.0
1577988396.672531,18.68,999.46,2.5,19.96,998.83,0.0,19.39,999.67,0.0
1577988456.6787071,18.68,999.43,2.5,19.97,998.81,0.0,19.39,999.65,0.0
1577988516.6751366,18.68,999.43,3.33,19.96,998.78,0.0,19.39,999.64,0.0
1577988576.6723616,18.68,999.43,2.5,19.96,998.78,0.0,19.39,999.63,0.0
1577988636.6411512,18.67,999.44,3.33,19.95,998.78,0.0,19.38,999.63,0.0
1577988696.688615,18.67,999.44,2.5,19.93,998.76,0.0,19.36,999.64,0.0
1577988756.6530964,18.68,999.42,2.5,19.92,998.77,0.0,19.36,999.64,0.0
1577988816.6338937,18.68,999.42,2.5,19.91,998.76,0.0,19.36,999.62,0.0
1577988876.6620781,18.67,999.41,1.67,19.91,998.75,0.0,19.36,999.62,0.0
1577988936.6145833,18.67,999.4,3.33,19.91,998.75,0.0,19.38,999.61,0.0
1577988996.6425662,18.66,999.4,3.33,19.89,998.75,0.0,19.38,999.6,0.0
1577989056.6329832,18.71,999.4,3.33,19.88,998.75,0.0,19.37,999.6,0.0
1577989116.6138754,18.74,999.38,1.67,19.87,998.74,0.0,19.36,999.59,0.0
1577989176.6524713,18.73,999.38,2.5,19.84,998.72,0.0,19.38,999.59,0.0
1577989236.5988708,18.78,999.35,3.33,19.84,998.73,0.0,19.38,999.59,0.0
1577989296.6498506,18.76,999.36,3.33,19.84,998.72,0.0,19.33,999.6,0.0
1577989356.6006215,18.76,999.35,3.33,19.8,998.7,0.0,19.33,999.6,0.0
1577989416.6517465,18.78,999.35,2.5,19.79,998.72,0.0,19.3,999.59,0.0
1577989476.5966487,18.84,999.35,3.33,19.8,998.73,0.0,19.3,999.59,0.0
1577989536.6424847,18.83,999.35,3.33,19.81,998.73,0.0,19.27,999.64,0.0
1577989596.6161485,18.82,999.34,3.33,19.82,998.75,0.0,19.27,999.64,0.0
1577989656.6120772,18.85,999.35,3.33,19.85,998.74,0.0,19.24,999.66,0.0
1577989716.6087546,18.86,999.35,2.5,19.86,998.74,0.0,19.23,999.65,0.0
1577989776.5908277,18.91,999.35,3.33,19.87,998.74,0.0,19.21,999.66,0.0
1577989836.601931,18.95,999.35,3.33,19.89,998.74,0.0,19.21,999.66,0.0
1577989896.5734062,18.95,999.35,3.33,19.89,998.75,0.0,19.2,999.66,0.0
1577989956.617888,19.03,999.36,3.33,19.89,998.75,0.0,19.2,999.69,0.0
1577990016.5915954,19.07,999.34,3.33,19.9,998.74,0.0,19.2,999.69,0.0
1577990076.5890284,19.12,999.3,1.67,19.92,998.74,0.0,19.2,999.67,0.0
1577990136.579667,19.17,999.29,2.5,19.95,998.73,0.0,19.2,999.65,0.0
1577990196.5814114,19.28,999.27,3.33,19.97,998.72,0.0,19.19,999.64,0.0
1577990256.5417895,19.4,999.25,3.33,19.98,998.7,0.0,19.2,999.62,0.0
1577990316.5982609,19.49,999.24,1.67,19.99,998.68,0.0,19.21,999.59,0.0
1577990376.5718687,19.57,999.23,3.33,20.0,998.67,0.0,19.21,999.59,0.0
1577990436.5698783,19.67,999.22,3.33,20.02,998.65,0.0,19.2,999.58,0.0
1577990496.5412953,19.73,999.18,3.33,20.04,998.62,0.0,19.21,999.57,0.0
1577990556.5884814,19.8,999.17,3.33,20.05,998.62,0.0,19.23,999.49,0.0
1577990616.5600758,19.85,999.16,3.33,20.07,998.61,0.0,19.23,999.49,0.0
1577990676.5236282,19.95,999.15,2.5,20.06,998.6,0.0,19.24,999.47,0.0
1577990736.5532398,20.03,999.13,3.33,20.05,998.6,0.0,19.25,999.46,0.0
1577990796.5392442,20.11,999.11,3.33,20.05,998.6,0.0,19.26,999.45,0.0
1577990856.5342424,20.19,999.1,3.33,20.05,998.57,0.0,19.26,999.43,0.0
1577990916.544281,20.25,999.08,3.33,20.06,998.55,0.0,19.26,999.41,0.0
1577990976.5071156,20.32,999.06,3.33,20.06,998.54,0.0,19.25,999.41,0.0
1577991036.5514135,20.37,999.03,2.5,20.09,998.53,0.0,19.25,999.4,0.0
1577991096.5377731,20.44,999.04,2.5,20.11,998.51,0.0,19.25,999.4,0.0
1577991156.5220795,20.51,999.03,2.5,20.12,998.51,0.0,19.25,999.38,0.0
1577991216.5005646,20.57,999.01,3.33,20.13,998.5,0.0,19.25,999.37,0.0
1577991276.552979,20.62,999.02,3.33,20.12,998.48,0.0,19.28,999.36,0.0
1577991336.501584,20.68,998.99,3.33,20.12,998.46,0.0,19.28,999.36,0.0
1577991396.5466385,20.74,998.99,3.33,20.13,998.45,0.0,19.27,999.34,0.0
1577991456.5075433,20.78,998.98,3.33,20.15,998.43,0.0,19.27,999.34,0.0
1577991516.515622,20.84,998.97,1.67,20.17,998.43,0.0,19.27,999.33,0.0
1577991576.4880025,20.86,998.95,1.67,20.16,998.41,0.0,19.27,999.32,0.0
1577991636.5385187,20.92,998.93,1.67,20.16,998.4,0.0,19.3,999.3,0.0
1577991696.5104468,20.98,998.9,3.33,20.14,998.38,0.0,19.3,999.3,0.0
1577991756.5061848,21.03,998.89,2.5,20.15,998.39,0.0,19.31,999.29,0.0
1577991816.5039878,21.07,998.89,2.5,20.16,998.38,0.0,19.3,999.3,0.0
1577991876.501487,21.12,998.89,3.33,20.17,998.38,0.0,19.29,999.29,0.0
1577991936.4985037,21.17,998.87,3.33,20.17,998.38,0.0,19.29,999.27,0.0
1577991996.4905846,21.2,998.86,3.33,20.16,998.36,0.0,19.29,999.27,0.0
1577992056.4789538,21.24,998.84,3.33,20.18,998.36,0.0,19.3,999.26,0.0
1577992116.4646416,21.28,998.83,3.33,20.2,998.35,0.0,19.3,999.25,0.0
1577992176.5113082,21.32,998.82,3.33,20.2,998.35,0.0,19.3,999.22,0.0
1577992236.4862165,21.36,998.82,3.33,20.19,998.34,0.0,19.3,999.22,0.0
1577992296.457581,21.4,998.8,3.33,20.19,998.34,0.0,19.3,999.23,0.0
1577992356.506151,21.43,998.79,2.5,20.2,998.33,0.0,19.31,999.21,0.0
1577992416.4521265,21.46,998.78,1.67,20.2,998.31,0.0,19.31,999.21,0.0
1577992476.5092895,21.49,998.77,1.67,20.21,998.3,0.0,19.31,999.2,0.0
1577992536.4756768,21.53,998.75,1.67,20.23,998.3,0.0,19.31,999.19,0.0
1577992596.4732127,21.57,998.73,1.67,20.23,998.29,0.0,19.32,999.18,0.0
1577992656.4702356,21.6,998.71,1.67,20.23,998.28,0.0,19.33,999.17,0.0
1577992716.4680712,21.63,998.71,2.5,20.24,998.27,0.0,19.32,999.17,0.0
1577992776.4623473,21.64,998.71,3.33,20.24,998.26,0.0,19.32,999.17,0.0
1577992836.4644625,21.64,998.7,3.33,20.24,998.25,0.0,19.32,999.14,0.0
1577992896.4627619,21.66,998.7,3.33,20.23,998.24,0.0,19.34,999.13,0.0
1577992956.4256065,21.67,998.69,3.33,20.23,998.24,0.0,19.35,999.13,0.0
1577993016.4796164,21.7,998.69,3.33,20.22,998.24,0.0,19.35,999.13,0.0
1577993076.4257717,21.71,998.69,3.33,20.21,998.24,0.0,19.35,999.13,0.0
1577993136.45243,21.72,998.69,3.33,20.21,998.22,0.0,19.35,999.13,0.0
1577993196.4185972,21.73,998.68,2.5,20.21,998.22,0.0,19.35,999.13,0.0
1577993256.4610455,21.73,998.69,2.5,20.21,998.22,0.0,19.35,999.1,0.0
1577993316.4355407,21.75,998.67,2.5,20.21,998.2,0.0,19.35,999.1,0.0
1577993376.4250126,21.76,998.65,3.33,20.2,998.19,0.0,19.34,999.09,0.0
1577993436.4277313,21.77,998.64,3.33,20.21,998.19,0.0,19.33,999.08,0.0
1577993496.4316373,21.78,998.64,3.33,20.21,998.19,0.0,19.32,999.08,0.0
1577993556.4055243,21.79,998.64,1.67,20.2,998.19,0.0,19.32,999.07,0.0
1577993616.4546256,21.78,998.66,1.67,20.19,998.19,0.0,19.32,999.07,0.0
1577993676.424881,21.78,998.63,3.33,20.18,998.17,0.0,19.32,999.07,0.0
1577993736.4102862,21.79,998.62,1.67,20.18,998.16,0.0,19.33,999.07,0.0
1577993796.4222622,21.78,998.61,1.67,20.16,998.14,0.0,19.34,999.06,0.0
1577993856.418122,21.8,998.59,1.67,20.16,998.13,0.0,19.33,999.05,0.0
1577993916.4166222,21.79,998.58,1.67,20.15,998.11,0.0,19.32,999.03,0.0
1577993976.412849,21.78,998.58,2.5,20.14,998.1,0.0,19.32,999.02,0.0
1577994036.385798,21.79,998.57,3.33,20.14,998.09,0.0,19.32,999.01,0.0
1577994096.4325435,21.75,998.57,3.33,20.13,998.07,0.0,19.31,999.0,0.0
1577994156.4063528,21.74,998.55,3.33,20.13,998.05,0.0,19.31,999.0,0.0
1577994216.3784554,21.75,998.52,3.33,20.12,998.05,0.0,19.3,998.98,0.0
1577994276.4280832,21.73,998.5,2.5,20.12,998.03,0.0,19.3,998.94,0.0
1577994336.400492,21.74,998.48,3.33,20.12,998.01,0.0,19.3,998.94,0.0
1577994396.3722632,21.76,998.48,3.33,20.13,998.01,0.0,19.3,998.92,0.0
1577994516.392334,21.67,998.47,3.33,20.11,998.01,0.0,19.29,998.92,0.0
1577994576.3643003,21.67,998.47,2.5,20.12,998.0,0.0,19.28,998.92,0.0
1577994636.412993,21.64,998.46,2.5,20.12,997.98,0.0,19.28,998.91,0.0
1577994696.359749,21.57,998.46,1.67,20.12,997.97,0.0,19.28,998.91,0.0
1577994756.4064698,21.52,998.45,1.67,20.13,997.98,0.0,19.29,998.87,0.0
1577994816.3546605,21.48,998.44,1.67,20.16,997.99,0.0,19.29,998.87,0.0
1577994876.4003701,21.47,998.42,1.67,20.17,997.98,0.0,19.27,998.86,0.0
1577994936.3747177,21.44,998.42,1.67,20.15,997.98,0.0,19.27,998.86,0.0
1577994996.3727005,21.41,998.43,1.67,20.14,997.98,0.0,19.27,998.86,0.0
1577995056.3691118,21.4,998.44,24.17,20.13,997.99,0.0,19.27,998.88,0.0
1577995116.36729,21.4,998.43,23.33,20.11,997.98,0.0,19.26,998.89,0.0
1577995176.3649523,21.37,998.44,23.33,20.11,997.99,0.0,19.27,998.89,0.83
1577995236.3613987,21.34,998.46,23.33,20.12,998.0,0.0,19.26,998.91,0.0
1577995296.3591838,21.3,998.47,23.33,20.13,998.01,0.0,19.26,998.91,0.0
1577995356.3310983,21.28,998.49,23.33,20.14,998.03,0.0,19.27,998.92,0.0
1577995416.35724,21.26,998.5,22.5,20.16,998.04,0.0,19.26,998.92,0.0
1577995476.3506691,21.24,998.49,22.5,20.16,998.04,0.0,19.26,998.94,0.83
1577995536.3478093,21.22,998.49,22.5,20.11,998.02,0.0,19.26,998.94,0.0
1577995596.3451707,21.19,998.49,21.67,20.1,998.01,0.0,19.25,998.94,0.0
1577995656.3424022,21.18,998.48,21.67,20.1,998.02,0.0,19.24,998.94,0.83
1577995716.3137012,21.18,998.46,22.5,20.1,998.01,0.0,19.25,998.94,0.83
1577995776.3370605,21.16,998.45,21.67,20.1,997.99,0.0,19.25,998.92,0.0
1577995836.3080962,21.14,998.44,21.67,20.1,997.99,0.0,19.26,998.9,0.83
1577995896.3565214,21.12,998.44,21.67,20.07,997.97,0.0,19.23,998.87,0.0
1577995956.330824,21.09,998.46,21.67,20.08,997.95,0.0,19.23,998.87,0.0
1577996016.328964,21.07,998.44,21.67,20.1,997.96,0.0,19.24,998.87,0.83
1577996076.327011,21.11,998.43,21.67,20.09,997.95,0.0,19.24,998.88,0.0
1577996136.2980006,21.11,998.43,21.67,20.09,997.94,0.0,19.24,998.87,0.0
1577996196.3469322,21.09,998.44,21.67,20.09,997.94,0.0,19.24,998.85,0.83
1577996256.2923281,21.07,998.43,21.67,20.09,997.94,0.0,19.24,998.85,0.83
1577996316.3421762,21.08,998.42,21.67,20.1,997.93,0.0,19.23,998.85,0.0
1577996376.313791,21.04,998.43,20.83,20.08,997.93,0.0,19.23,998.85,0.0
1577996436.3096814,21.02,998.42,21.67,20.05,997.94,0.0,19.24,998.84,0.0
1577996496.3073938,21.03,998.42,21.67,20.05,997.93,0.0,19.23,998.85,0.83
1577996556.304957,21.01,998.41,22.5,20.06,997.92,0.0,19.22,998.85,0.83
1577996616.2763648,21.0,998.39,21.67,20.05,997.9,0.0,19.21,998.83,0.0
1577996676.3258092,21.01,998.38,20.83,20.05,997.9,0.0,19.21,998.82,0.0
