Time,T_1,T_2,T_3,T_4,T_5,T_6,T_7,T_8,T_9,T_10,T_11,T_12,T_13,T_14,T_15,T_ot
2.8378350734710693,24.0625,24.0,24.1875,24.1875,24.25,24.3125,24.0625,24.1875,24.25,24.0,24.1875,24.25,24.0625,24.1875,24.1875,24.5625
3.64167857170105,24.125,24.0625,24.1875,24.1875,24.25,24.3125,24.0625,24.1875,24.25,24.0,24.1875,24.25,24.0625,24.1875,24.25,24.5625
4.445451021194458,24.125,24.0625,24.1875,24.1875,24.25,24.3125,24.0625,24.1875,24.25,24.0625,24.1875,24.25,24.125,24.1875,24.25,24.5625
5.249066352844238,24.125,24.0625,24.1875,24.1875,24.25,24.3125,24.0625,24.1875,24.25,24.0,24.1875,24.25,24.125,24.25,24.25,24.5625
6.052452564239502,24.125,24.0625,24.1875,24.1875,24.25,24.3125,24.0625,24.1875,24.25,24.0,24.1875,24.25,24.125,24.1875,24.25,24.5625
6.856550455093384,24.125,24.0625,24.25,24.1875,24.25,24.3125,24.0625,24.1875,24.25,24.0625,24.1875,24.25,24.125,24.1875,24.1875,24.5625
7.660644054412842,24.125,24.0625,24.1875,24.1875,24.3125,24.3125,24.0625,24.1875,24.25,24.0625,24.1875,24.25,24.125,24.1875,24.25,24.5625
8.463720321655273,24.125,24.0625,24.1875,24.1875,24.3125,24.3125,24.0625,24.1875,24.25,24.0625,24.1875,24.25,24.125,24.1875,24.25,24.5625
9.268029928207397,24.125,24.0625,24.1875,24.1875,24.25,24.3125,24.0625,24.1875,24.25,24.0625,24.1875,24.25,24.125,24.1875,24.25,24.5625
10.071376323699951,24.125,24.0625,24.1875,24.1875,24.3125,24.3125,24.0625,24.1875,24.25,24.0625,24.1875,24.25,24.125,24.25,24.25,24.5625
10.874890089035034,24.125,24.0625,24.1875,24.1875,24.3125,24.3125,24.0625,24.1875,24.25,24.0,24.1875,24.25,24.125,24.1875,24.25,24.5625
11.679364681243896,24.125,24.0625,24.25,24.1875,24.25,24.3125,24.0625,24.1875,24.25,24.0,24.1875,24.25,24.125,24.1875,24.25,24.5625
12.482893466949463,24.125,24.0625,24.1875,24.1875,24.25,24.375,24.0625,24.1875,24.25,24.0625,24.1875,24.25,24.125,24.1875,24.25,24.5625
13.286134958267212,24.125,24.0625,24.25,24.1875,24.25,24.5625,24.1875,24.1875,24.25,24.0,24.1875,24.25,24.125,24.1875,24.25,24.5625
14.09054160118103,24.125,24.0625,24.25,24.1875,24.3125,24.875,24.375,24.1875,24.25,24.0,24.1875,24.25,24.125,24.1875,24.25,24.5625
14.893756866455078,24.125,24.0625,24.1875,24.25,24.3125,25.25,24.625,24.1875,24.25,24.0625,24.1875,24.25,24.125,24.25,24.25,24.5625
15.698064804077148,24.125,24.0625,24.1875,24.25,24.3125,25.625,24.875,24.1875,24.25,24.0625,24.1875,24.25,24.0625,24.25,24.3125,24.5625
16.5014705657959,24.125,24.0625,24.25,24.25,24.4375,26.0,25.1875,24.25,24.25,24.0625,24.1875,24.25,24.125,24.25,24.375,24.5625
17.304673433303833,24.1875,24.0625,24.25,24.3125,24.5,26.4375,25.5625,24.25,24.25,24.0625,24.1875,24.25,24.125,24.3125,24.4375,24.5625
18.108555555343628,24.125,24.0625,24.25,24.4375,24.625,26.8125,25.875,24.25,24.25,24.0625,24.1875,24.3125,24.125,24.375,24.5625,24.5625
18.91213035583496,24.125,24.0625,24.25,24.5,24.6875,27.1875,26.1875,24.3125,24.25,24.0625,24.1875,24.25,24.125,24.4375,24.6875,24.5625
19.716660976409912,24.125,24.0625,24.25,24.5625,24.875,27.625,26.5,24.375,24.25,24.0,24.1875,24.3125,24.125,24.5,24.8125,24.5625
20.52040982246399,24.125,24.0625,24.25,24.6875,25.0,28.0,26.75,24.375,24.25,24.0,24.1875,24.25,24.1875,24.5625,24.9375,24.5625
21.32363200187683,24.125,24.0625,24.3125,24.8125,25.1875,28.3125,27.0625,24.4375,24.3125,24.0625,24.1875,24.25,24.1875,24.625,25.125,24.5625
22.127375602722168,24.125,24.0625,24.3125,24.9375,25.3125,28.625,27.375,24.5625,24.3125,24.0625,24.1875,24.25,24.25,24.75,25.3125,24.5625
22.93157720565796,24.125,24.0625,24.375,25.0625,25.5,29.0,27.625,24.5625,24.3125,24.0,24.1875,24.3125,24.25,24.875,25.4375,24.5625
23.734739780426025,24.125,24.0625,24.375,25.1875,25.6875,29.3125,27.9375,24.6875,24.3125,24.0,24.1875,24.3125,24.3125,25.0,25.625,24.5625
24.538946866989136,24.125,24.0625,24.4375,25.3125,25.875,29.625,28.1875,24.75,24.3125,24.0625,24.1875,24.3125,24.3125,25.125,25.8125,24.5625
25.34256362915039,24.125,24.0625,24.4375,25.5,26.0625,29.9375,28.4375,24.875,24.375,24.0625,24.1875,24.3125,24.375,25.1875,26.0,24.5625
26.14660954475403,24.125,24.125,24.4375,25.625,26.25,30.25,28.6875,24.9375,24.375,24.0625,24.1875,24.3125,24.5,25.3125,26.1875,24.5625
26.950122594833374,24.125,24.125,24.5,25.8125,26.4375,30.5,28.875,25.0,24.4375,24.0625,24.1875,24.375,24.5,25.5,26.375,24.5625
27.75325846672058,24.125,24.125,24.5625,25.9375,26.625,30.8125,29.1875,25.125,24.4375,24.0625,24.1875,24.375,24.625,25.625,26.625,24.5625
28.557488203048706,24.1875,24.1875,24.625,26.125,26.8125,31.0625,29.4375,25.1875,24.5,24.0625,24.1875,24.375,24.6875,25.75,26.8125,24.5625
29.36152172088623,24.125,24.1875,24.625,26.25,27.0,31.3125,29.6875,25.3125,24.5,24.0625,24.1875,24.4375,24.6875,25.875,27.0,24.5625
30.164914846420288,24.125,24.1875,24.6875,26.4375,27.25,31.625,29.9375,25.375,24.5,24.0625,24.1875,24.4375,24.8125,26.0625,27.1875,24.5625
30.96829891204834,24.1875,24.1875,24.75,26.625,27.375,31.875,30.125,25.5,24.5625,24.0625,24.25,24.4375,24.875,26.25,27.375,24.5625
31.772508144378662,24.1875,24.25,24.8125,26.75,27.625,32.0625,30.375,25.5625,24.625,24.0625,24.25,24.5,24.9375,26.375,27.5625,24.5625
32.57621765136719,24.1875,24.25,24.875,26.9375,27.8125,32.3125,30.625,25.6875,24.625,24.125,24.1875,24.5,25.0625,26.5,27.8125,24.5625
33.37970781326294,24.1875,24.25,24.9375,27.125,28.0,32.625,30.8125,25.75,24.6875,24.0625,24.25,24.5625,25.125,26.6875,28.0,24.5625
34.18325638771057,24.1875,24.3125,25.0,27.3125,28.1875,32.8125,31.0625,25.875,24.6875,24.125,24.25,24.625,25.1875,26.8125,28.1875,24.5625
34.986907958984375,24.1875,24.3125,25.0625,27.4375,28.375,33.125,31.25,25.9375,24.75,24.125,24.25,24.625,25.25,27.0,28.375,24.5625
35.790420055389404,24.1875,24.375,25.125,27.625,28.5625,33.3125,31.4375,26.0625,24.75,24.125,24.25,24.6875,25.375,27.1875,28.5625,24.5625
36.59492826461792,24.1875,24.375,25.1875,27.8125,28.75,33.5625,31.6875,26.125,24.8125,24.125,24.3125,24.75,25.4375,27.3125,28.8125,24.5625
37.398396492004395,24.1875,24.4375,25.25,28.0,29.0,33.8125,31.9375,26.25,24.875,24.125,24.3125,24.75,25.5625,27.5,29.0,24.5625
38.20174980163574,24.1875,24.4375,25.375,28.1875,29.125,34.0,32.125,26.375,24.875,24.1875,24.3125,24.8125,25.625,27.6875,29.1875,24.5625
39.005820751190186,24.25,24.5,25.4375,28.3125,29.375,34.25,32.3125,26.4375,24.9375,24.1875,24.375,24.875,25.75,27.8125,29.375,24.5625
39.808634996414185,24.25,24.5,25.5,28.5,29.5625,34.4375,32.5625,26.5625,25.0,24.1875,24.375,24.9375,25.875,28.0,29.625,24.5625
40.612873554229736,24.25,24.5625,25.5625,28.6875,29.75,34.6875,32.75,26.6875,25.0625,24.25,24.375,24.9375,25.9375,28.1875,29.8125,24.5625
41.41617727279663,24.25,24.5625,25.6875,28.875,29.9375,34.9375,32.9375,26.8125,25.0625,24.25,24.375,25.0,26.0625,28.3125,30.0,24.5625
42.21970534324646,24.3125,24.625,25.75,29.0625,30.125,35.125,33.1875,26.875,25.125,24.25,24.375,25.0625,26.125,28.5,30.1875,24.5625
43.02367830276489,24.3125,24.6875,25.8125,29.1875,30.3125,35.375,33.375,27.0,25.1875,24.25,24.4375,25.125,26.25,28.625,30.375,24.5625
43.82721281051636,24.3125,24.6875,25.9375,29.375,30.5,35.5625,33.5625,27.0625,25.25,24.3125,24.4375,25.1875,26.375,28.8125,30.5625,24.5625
44.631030321121216,24.375,24.75,26.0,29.5625,30.6875,35.8125,33.75,27.1875,25.3125,24.3125,24.5,25.1875,26.4375,28.9375,30.8125,24.5625
45.43455171585083,24.375,24.8125,26.0625,29.75,30.875,36.0,34.0,27.3125,25.375,24.3125,24.5,25.25,26.5625,29.125,30.9375,24.5625
46.23761248588562,24.375,24.8125,26.1875,29.9375,31.0625,36.25,34.1875,27.4375,25.4375,24.3125,24.5625,25.375,26.625,29.3125,31.125,24.5625
47.04208850860596,24.4375,24.875,26.25,30.125,31.25,36.4375,34.375,27.5625,25.5,24.375,24.5625,25.4375,26.75,29.4375,31.3125,24.5625
47.84556245803833,24.4375,24.9375,26.3125,30.3125,31.4375,36.6875,34.5625,27.625,25.5625,24.4375,24.625,25.4375,26.875,29.625,31.5,24.5625
48.648900270462036,24.4375,25.0,26.4375,30.5,31.6875,36.875,34.75,27.75,25.625,24.4375,24.625,25.5625,27.0,29.8125,31.6875,24.5625
49.452513694763184,24.5,25.0625,26.5625,30.6875,31.8125,37.0625,35.0,27.875,25.6875,24.4375,24.625,25.5625,27.0625,30.0,31.9375,24.5625
50.2563157081604,24.5,25.125,26.625,30.875,32.0625,37.25,35.1875,28.0,25.75,24.5,24.6875,25.625,27.1875,30.125,32.0625,24.5625
51.059237241744995,24.5,25.125,26.75,31.0625,32.25,37.5,35.375,28.125,25.8125,24.5,24.75,25.75,27.3125,30.3125,32.3125,24.5625
51.86269187927246,24.5625,25.1875,26.8125,31.25,32.4375,37.625,35.5625,28.1875,25.875,24.5625,24.75,25.75,27.4375,30.5,32.4375,24.5625
52.666184186935425,24.5625,25.25,26.9375,31.4375,32.625,37.875,35.75,28.375,26.0,24.5625,24.75,25.875,27.5625,30.625,32.625,24.5625
53.47005367279053,24.625,25.3125,27.0,31.625,32.8125,38.0625,35.9375,28.4375,26.0625,24.5625,24.8125,25.9375,27.6875,30.8125,32.875,24.5625
54.27338743209839,24.625,25.375,27.125,31.8125,32.9375,38.25,36.125,28.5625,26.125,24.625,24.875,26.0,27.75,31.0,33.0,24.5625
55.07676982879639,24.6875,25.4375,27.1875,32.0,33.1875,38.4375,36.3125,28.6875,26.1875,24.625,24.8125,26.0625,27.875,31.125,33.25,24.5625
55.88062596321106,24.6875,25.5,27.3125,32.1875,33.375,38.625,36.5,28.8125,26.1875,24.6875,24.875,26.1875,28.0,31.3125,33.375,24.5625
56.683974504470825,24.75,25.5625,27.4375,32.3125,33.5625,38.875,36.6875,28.875,26.3125,24.75,25.0,26.25,28.125,31.5,33.625,24.5625
57.487372398376465,24.75,25.625,27.5,32.4375,33.75,39.0625,36.875,29.0,26.375,24.75,24.9375,26.3125,28.25,31.6875,33.75,24.625
58.29021334648132,24.8125,25.6875,27.5625,32.625,33.875,39.25,37.0625,29.125,26.4375,24.8125,25.0625,26.375,28.375,31.8125,34.0,24.625
59.0944504737854,24.8125,25.75,27.6875,32.8125,34.0625,39.4375,37.25,29.25,26.5625,24.8125,25.125,26.5,28.5,32.0,34.125,24.625
59.89773440361023,24.875,25.8125,27.8125,32.9375,34.25,39.625,37.4375,29.375,26.625,24.875,25.125,26.5,28.5625,32.125,34.3125,24.625
60.701398849487305,24.875,25.875,27.875,33.125,34.4375,39.8125,37.625,29.4375,26.6875,24.9375,25.1875,26.625,28.6875,32.3125,34.5,24.625
61.5046329498291,24.9375,25.9375,28.0,33.3125,34.625,40.0,37.8125,29.5625,26.75,24.9375,25.25,26.75,28.8125,32.5,34.6875,24.625
62.30758571624756,24.9375,26.0,28.0625,33.5,34.75,40.25,38.0,29.6875,26.8125,25.0,25.3125,26.8125,28.9375,32.6875,34.875,24.625
63.11160326004028,25.0,26.0625,28.1875,33.625,34.9375,40.375,38.1875,29.8125,26.9375,25.0625,25.25,26.875,29.125,32.8125,35.0625,24.625
63.91415333747864,25.0625,26.125,28.3125,33.8125,35.125,40.5625,38.3125,29.9375,27.0,25.0625,25.3125,27.0,29.1875,33.0,35.1875,24.625
64.7176878452301,25.0625,26.1875,28.4375,33.9375,35.3125,40.75,38.5,30.0625,27.0625,25.125,25.375,27.0625,29.3125,33.125,35.375,24.625
65.52112579345703,25.125,26.3125,28.5,34.125,35.4375,40.9375,38.6875,30.1875,27.125,25.1875,25.5,27.125,29.4375,33.3125,35.5625,24.625
66.32508754730225,25.1875,26.375,28.625,34.25,35.625,41.125,38.875,30.3125,27.25,25.1875,25.5625,27.25,29.5625,33.4375,35.75,24.625
67.12812209129333,25.1875,26.4375,28.75,34.4375,35.8125,41.3125,39.0625,30.4375,27.3125,25.25,25.625,27.3125,29.6875,33.625,35.875,24.625
67.93075251579285,25.25,26.5,28.8125,34.625,35.9375,41.5,39.25,30.5625,27.4375,25.3125,25.625,27.375,29.8125,33.75,36.0625,24.625
68.73485088348389,25.3125,26.625,28.9375,34.75,36.125,41.6875,39.4375,30.6875,27.5,25.375,25.75,27.5,29.9375,33.875,36.25,24.625
69.53823494911194,25.3125,26.625,29.0625,34.9375,36.3125,41.875,39.625,30.8125,27.625,25.4375,25.75,27.5625,30.0625,34.0625,36.4375,24.625
70.34153079986572,25.375,26.75,29.125,35.125,36.5,42.0,39.75,30.9375,27.6875,25.4375,25.875,27.6875,30.1875,34.25,36.5625,24.625
71.14486861228943,25.4375,26.8125,29.25,35.25,36.625,42.1875,39.9375,31.0625,27.8125,25.5,25.875,27.75,30.3125,34.375,36.8125,24.5625
71.94727873802185,25.5,26.875,29.3125,35.4375,36.8125,42.375,40.125,31.1875,27.875,25.5625,25.9375,27.875,30.375,34.5625,36.9375,24.5625
72.75055360794067,25.5625,26.9375,29.4375,35.625,36.9375,42.5625,40.3125,31.3125,27.9375,25.625,26.0,27.9375,30.5,34.6875,37.125,24.5625
73.55423021316528,25.5625,27.0625,29.5625,35.75,37.125,42.75,40.4375,31.4375,28.0625,25.6875,26.0625,28.0,30.625,34.875,37.25,24.5625
74.35744142532349,25.625,27.125,29.625,35.9375,37.25,42.9375,40.625,31.5625,28.125,25.75,26.125,28.125,30.75,35.0,37.4375,24.5625
75.16049981117249,25.6875,27.1875,29.75,36.0625,37.4375,43.0625,40.75,31.625,28.25,25.8125,26.1875,28.1875,30.875,35.1875,37.5625,24.5625
75.96394181251526,25.75,27.25,29.875,36.1875,37.625,43.25,40.9375,31.75,28.3125,25.8125,26.25,28.3125,31.0,35.3125,37.75,24.5625
76.76644897460938,25.8125,27.375,30.0,36.375,37.75,43.4375,41.125,31.875,28.4375,25.9375,26.3125,28.375,31.125,35.4375,37.875,24.625
77.57040023803711,25.8125,27.4375,30.0625,36.5625,37.9375,43.625,41.25,32.0,28.5,25.9375,26.375,28.5,31.25,35.625,38.0625,24.5625
78.37288546562195,25.875,27.5,30.1875,36.6875,38.0625,43.8125,41.4375,32.125,28.625,26.0,26.375,28.5625,31.375,35.75,38.25,24.5625
79.17651224136353,25.9375,27.625,30.3125,36.875,38.25,43.9375,41.5625,32.25,28.6875,26.0625,26.5,28.6875,31.5,35.9375,38.4375,24.5625
79.9792492389679,26.0,27.6875,30.4375,37.0625,38.375,44.125,41.6875,32.375,28.8125,26.125,26.5,28.75,31.625,36.125,38.5625,24.5625
80.78220224380493,26.0625,27.75,30.5,37.1875,38.5625,44.3125,41.875,32.5,28.875,26.1875,26.625,28.875,31.75,36.25,38.75,24.5625
81.58563160896301,26.125,27.875,30.625,37.375,38.6875,44.4375,42.0,32.5625,29.0,26.25,26.6875,28.9375,31.875,36.4375,38.9375,24.5625
82.38907170295715,26.1875,27.9375,30.75,37.5,38.875,44.625,42.125,32.6875,29.0625,26.375,26.75,29.0625,32.0,36.5625,39.125,24.5625
83.19160389900208,26.1875,28.0,30.875,37.6875,39.0,44.75,42.3125,32.8125,29.1875,26.375,26.875,29.1875,32.125,36.75,39.3125,24.5625
83.99464559555054,26.25,28.0625,31.0,37.8125,39.1875,44.9375,42.5,32.9375,29.25,26.4375,26.875,29.25,32.1875,36.875,39.4375,24.5625
84.79752159118652,26.3125,28.1875,31.0625,38.0,39.3125,45.125,42.625,33.0625,29.375,26.5,26.9375,29.375,32.3125,37.0,39.625,24.5625
85.60057282447815,26.375,28.25,31.1875,38.1875,39.5,45.25,42.8125,33.1875,29.4375,26.5625,27.0625,29.5,32.4375,37.1875,39.75,24.5625
86.4038999080658,26.4375,28.3125,31.3125,38.3125,39.625,45.4375,43.0,33.3125,29.5625,26.625,27.125,29.5625,32.625,37.375,39.9375,24.5625
87.20729875564575,26.5,28.4375,31.375,38.4375,39.8125,45.625,43.125,33.4375,29.625,26.6875,27.25,29.6875,32.75,37.5,40.125,24.5625
88.01019358634949,26.5625,28.5,31.5,38.5625,39.9375,45.75,43.3125,33.5625,29.75,26.75,27.25,29.75,32.875,37.625,40.25,24.5625
88.81258726119995,26.625,28.625,31.625,38.75,40.125,45.9375,43.5,33.6875,29.8125,26.8125,27.375,29.8125,32.9375,37.8125,40.4375,24.5625
89.61594200134277,26.6875,28.6875,31.6875,38.875,40.3125,46.125,43.6875,33.8125,29.9375,26.875,27.375,29.9375,33.0625,37.9375,40.5625,24.5625
90.41906261444092,26.6875,28.8125,31.8125,39.0625,40.4375,46.3125,43.8125,33.9375,30.0,26.9375,27.4375,30.0625,33.1875,38.0625,40.6875,24.5625
91.22146344184875,26.8125,28.875,32.0,39.25,40.5625,46.4375,44.0,34.0625,30.125,27.0,27.5625,30.125,33.3125,38.25,40.875,24.5625
92.02494883537292,26.8125,29.0,32.0625,39.375,40.6875,46.625,44.125,34.1875,30.25,27.0625,27.625,30.25,33.4375,38.375,41.0,24.5625
92.8280553817749,26.9375,29.0625,32.1875,39.5625,40.875,46.75,44.3125,34.3125,30.3125,27.125,27.6875,30.3125,33.5625,38.5625,41.1875,24.5625
93.63066172599792,27.0,29.125,32.3125,39.6875,41.0625,46.9375,44.4375,34.4375,30.4375,27.1875,27.75,30.4375,33.625,38.6875,41.3125,24.5625
94.43407416343689,27.0625,29.25,32.4375,39.8125,41.1875,47.0625,44.5625,34.5,30.5625,27.3125,27.8125,30.5625,33.75,38.8125,41.4375,24.5625
95.23647427558899,27.125,29.3125,32.5,40.0,41.375,47.0,44.625,34.625,30.625,27.375,27.9375,30.625,33.875,38.9375,41.625,24.5625
96.03906679153442,27.125,29.4375,32.625,40.125,41.5,46.9375,44.625,34.75,30.75,27.4375,28.0,30.75,34.0,39.0625,41.75,24.5625
96.84240365028381,27.25,29.5,32.6875,40.25,41.625,46.875,44.625,34.875,30.8125,27.5,28.0625,30.8125,34.125,39.25,41.875,24.5625
97.64485883712769,27.3125,29.625,32.8125,40.375,41.75,46.6875,44.5,35.0,30.9375,27.5625,28.125,30.9375,34.25,39.375,42.0,24.625
98.447350025177,27.375,29.6875,32.9375,40.4375,41.875,46.5625,44.375,35.125,31.0625,27.6875,28.1875,31.0,34.375,39.5,42.0625,24.625
99.25065517425537,27.4375,29.75,33.0625,40.5625,41.875,46.375,44.3125,35.1875,31.1875,27.75,28.25,31.125,34.5,39.5625,42.1875,24.6875
100.05347895622253,27.5,29.875,33.125,40.625,41.9375,46.25,44.1875,35.3125,31.25,27.8125,28.375,31.1875,34.5625,39.6875,42.1875,24.6875
100.85569739341736,27.5625,30.0,33.25,40.6875,42.0,46.0625,44.0625,35.4375,31.375,27.875,28.4375,31.3125,34.6875,39.75,42.25,24.6875
101.65864825248718,27.625,30.0625,33.375,40.75,42.0625,45.875,43.9375,35.5,31.5,27.9375,28.5625,31.4375,34.8125,39.875,42.3125,24.6875
102.46139907836914,27.6875,30.1875,33.4375,40.8125,42.0625,45.6875,43.875,35.5625,31.5625,28.0,28.625,31.5,34.9375,39.9375,42.3125,24.6875
103.26448655128479,27.75,30.25,33.5,40.8125,42.0625,45.5625,43.75,35.6875,31.6875,28.125,28.6875,31.625,35.0,40.0,42.3125,24.6875
104.06722140312195,27.8125,30.3125,33.625,40.875,42.0625,45.4375,43.625,35.75,31.75,28.1875,28.75,31.6875,35.125,40.0625,42.3125,24.6875
104.87015867233276,27.875,30.4375,33.6875,40.9375,42.0625,45.3125,43.5,35.75,31.875,28.25,28.8125,31.8125,35.1875,40.125,42.375,24.6875
105.67263865470886,27.9375,30.5,33.8125,40.9375,42.0625,45.1875,43.375,35.8125,31.9375,28.3125,28.9375,31.9375,35.3125,40.1875,42.375,24.6875
106.47514271736145,28.0,30.625,33.9375,40.9375,42.0625,45.0625,43.3125,35.875,32.0625,28.4375,29.0,32.0625,35.375,40.25,42.3125,24.6875
107.27826714515686,28.0625,30.6875,34.0,41.0,42.0625,44.9375,43.25,35.9375,32.125,28.5,29.125,32.125,35.4375,40.25,42.3125,24.6875
108.08042478561401,28.1875,30.8125,34.0625,41.0,42.0,44.8125,43.1875,36.0625,32.25,28.5625,29.1875,32.1875,35.5625,40.3125,42.25,24.6875
108.88375806808472,28.25,30.875,34.1875,41.0625,42.0,44.6875,43.0625,36.0625,32.3125,28.625,29.25,32.3125,35.625,40.3125,42.25,24.6875
109.68586802482605,28.3125,31.0,34.25,41.0625,42.0,44.625,43.0,36.0625,32.4375,28.6875,29.3125,32.375,35.6875,40.3125,42.25,24.6875
110.48835372924805,28.3125,31.0625,34.3125,41.0625,42.0,44.5,42.9375,36.125,32.5,28.8125,29.4375,32.4375,35.75,40.375,42.1875,24.6875
111.29166769981384,28.375,31.125,34.375,41.125,41.9375,44.4375,42.875,36.1875,32.5625,28.875,29.5,32.5625,35.8125,40.375,42.1875,24.6875
112.09356808662415,28.5,31.25,34.5,41.125,41.9375,44.375,42.8125,36.1875,32.625,28.9375,29.5625,32.625,35.875,40.375,42.125,24.6875
112.89690041542053,28.5625,31.3125,34.5625,41.125,41.9375,44.3125,42.75,36.25,32.75,29.0,29.6875,32.75,35.9375,40.375,42.125,24.6875
113.69947862625122,28.5625,31.375,34.625,41.125,41.875,44.1875,42.6875,36.3125,32.8125,29.0625,29.75,32.8125,36.0,40.4375,42.0625,24.6875
114.50168895721436,28.6875,31.5,34.6875,41.125,41.875,44.125,42.625,36.3125,32.875,29.125,29.8125,32.9375,36.0,40.375,42.0625,24.6875
115.30397868156433,28.75,31.5625,34.75,41.125,41.875,44.0625,42.5625,36.375,32.9375,29.1875,29.875,32.9375,36.0625,40.4375,42.0,24.6875
116.10728454589844,28.8125,31.625,34.8125,41.0625,41.8125,44.0,42.5625,36.4375,33.0625,29.25,30.0,33.0625,36.125,40.4375,41.9375,24.6875
116.91012716293335,28.875,31.6875,34.875,41.0625,41.8125,43.9375,42.5,36.4375,33.0625,29.375,30.0625,33.125,36.1875,40.4375,41.9375,24.6875
117.71250009536743,28.9375,31.8125,34.875,41.0625,41.75,43.8125,42.4375,36.4375,33.125,29.4375,30.125,33.1875,36.25,40.4375,41.875,24.6875
118.51464676856995,29.0,31.875,34.9375,41.125,41.75,43.75,42.375,36.5,33.25,29.5,30.1875,33.25,36.3125,40.4375,41.875,24.6875
119.31750869750977,29.0625,31.9375,35.0,41.0625,41.75,43.6875,42.3125,36.5625,33.3125,29.5625,30.25,33.375,36.3125,40.4375,41.8125,24.6875
120.11951637268066,29.125,32.0,35.0625,41.0625,41.6875,43.6875,42.25,36.5625,33.3125,29.625,30.375,33.375,36.3125,40.4375,41.8125,24.6875
120.9224922657013,29.1875,32.0625,35.125,41.0625,41.6875,43.625,42.25,36.5625,33.4375,29.6875,30.4375,33.4375,36.375,40.375,41.75,24.6875
121.72502183914185,29.25,32.125,35.125,41.0,41.625,43.5625,42.1875,36.625,33.4375,29.75,30.5,33.5,36.375,40.375,41.75,24.625
122.52741837501526,29.3125,32.25,35.1875,41.0,41.625,43.5,42.125,36.625,33.5625,29.8125,30.5625,33.5625,36.375,40.3125,41.6875,24.625
123.3296070098877,29.375,32.3125,35.25,41.0,41.625,43.4375,42.125,36.6875,33.5625,29.875,30.625,33.625,36.4375,40.3125,41.625,24.625
124.13270592689514,29.4375,32.3125,35.3125,41.0,41.5625,43.375,42.0625,36.6875,33.6875,30.0,30.6875,33.6875,36.4375,40.3125,41.625,24.625
124.93499612808228,29.4375,32.4375,35.375,41.0,41.5625,43.3125,42.0625,36.75,33.75,30.0,30.8125,33.75,36.4375,40.3125,41.5625,24.6875
125.73755097389221,29.5625,32.4375,35.375,41.0,41.5625,43.3125,42.0,36.75,33.75,30.0625,30.875,33.8125,36.5,40.25,41.5,24.6875
126.53985285758972,29.5625,32.5,35.4375,41.0,41.5625,43.25,42.0,36.75,33.875,30.125,30.9375,33.875,36.5625,40.25,41.5,24.625
127.34205198287964,29.625,32.5625,35.5,41.0,41.5,43.1875,41.9375,36.75,33.875,30.1875,31.0,34.0,36.5625,40.25,41.5,24.625
128.14499497413635,29.6875,32.625,35.5,41.0,41.5,43.1875,41.9375,36.8125,33.9375,30.25,31.0625,34.0,36.5625,40.25,41.4375,24.625
128.94747352600098,29.75,32.6875,35.5625,40.9375,41.4375,43.125,41.875,36.8125,33.9375,30.3125,31.125,34.0625,36.625,40.25,41.4375,24.625
129.74992728233337,29.8125,32.75,35.5625,40.875,41.375,43.0625,41.8125,36.8125,34.0,30.375,31.1875,34.125,36.625,40.25,41.375,24.625
130.5520625114441,29.875,32.875,35.625,40.875,41.375,43.0,41.75,36.8125,34.0625,30.4375,31.25,34.1875,36.625,40.25,41.375,24.625
131.3548083305359,29.9375,32.875,35.6875,40.875,41.375,42.9375,41.6875,36.8125,34.125,30.5,31.3125,34.25,36.6875,40.1875,41.3125,24.625
132.1572070121765,30.0,32.9375,35.6875,40.875,41.3125,42.875,41.6875,36.875,34.1875,30.5625,31.375,34.25,36.6875,40.125,41.25,24.625
132.9595079421997,30.0625,33.0,35.75,40.875,41.3125,42.875,41.625,36.875,34.25,30.625,31.4375,34.3125,36.6875,40.125,41.25,24.625
133.76216626167297,30.0625,33.0625,35.75,40.8125,41.3125,42.8125,41.5625,36.875,34.25,30.6875,31.5,34.3125,36.6875,40.125,41.1875,24.625
134.5647611618042,30.125,33.125,35.8125,40.8125,41.3125,42.75,41.5625,36.9375,34.3125,30.75,31.5625,34.4375,36.6875,40.125,41.1875,24.625
135.36685848236084,30.1875,33.1875,35.8125,40.8125,41.25,42.75,41.5,36.9375,34.375,30.8125,31.625,34.5,36.75,40.125,41.125,24.625
136.16945099830627,30.25,33.25,35.875,40.75,41.25,42.6875,41.5,36.9375,34.4375,30.875,31.6875,34.5,36.75,40.125,41.125,24.625
136.97168827056885,30.3125,33.25,35.875,40.75,41.1875,42.625,41.5,36.9375,34.4375,30.9375,31.75,34.5625,36.75,40.125,41.125,24.625
137.77420616149902,30.3125,33.375,35.9375,40.6875,41.1875,42.5625,41.4375,37.0,34.5,30.9375,31.8125,34.625,36.8125,40.125,41.125,24.625
138.57647228240967,30.375,33.4375,35.9375,40.6875,41.1875,42.5625,41.375,37.0,34.5625,31.0,31.875,34.6875,36.8125,40.0625,41.0625,24.625
139.3783392906189,30.4375,33.4375,36.0,40.6875,41.1875,42.5,41.375,37.0,34.625,31.0625,31.875,34.6875,36.8125,40.0625,41.0625,24.625
140.1815071105957,30.4375,33.5,36.0625,40.6875,41.125,42.4375,41.3125,37.0625,34.625,31.125,32.0,34.75,36.875,40.0625,41.0,24.625
140.98321986198425,30.5625,33.5625,36.0625,40.6875,41.125,42.4375,41.3125,37.0625,34.6875,31.1875,32.0,34.8125,36.875,40.0625,41.0,24.625
141.78643035888672,30.5625,33.625,36.125,40.625,41.125,42.375,41.25,37.0625,34.75,31.25,32.0625,34.875,36.875,40.0625,41.0,24.625
142.58805894851685,30.625,33.6875,36.125,40.625,41.0625,42.3125,41.25,37.125,34.8125,31.3125,32.125,34.875,36.875,40.0,40.9375,24.625
143.39069867134094,30.6875,33.6875,36.125,40.5625,41.0625,42.3125,41.25,37.125,34.8125,31.3125,32.1875,34.9375,36.9375,40.0,40.9375,24.625
144.19309616088867,30.6875,33.75,36.1875,40.5625,41.0,42.25,41.1875,37.125,34.875,31.375,32.25,34.9375,37.0,40.0,40.9375,24.625
144.99591732025146,30.75,33.8125,36.1875,40.5,41.0,42.1875,41.1875,37.125,34.875,31.4375,32.3125,35.0,37.0,40.0,40.875,24.625
145.79831743240356,30.8125,33.875,36.1875,40.5,40.9375,42.125,41.125,37.125,34.9375,31.5,32.3125,35.0625,37.0,40.0,40.875,24.625
146.60034227371216,30.875,33.875,36.25,40.5,40.9375,42.125,41.125,37.1875,34.9375,31.5625,32.375,35.0625,37.0,39.9375,40.8125,24.625
147.40295219421387,30.875,33.9375,36.25,40.4375,40.9375,42.0625,41.0625,37.1875,35.0,31.625,32.4375,35.125,37.0,39.9375,40.8125,24.625
148.20459508895874,30.9375,34.0,36.3125,40.375,40.875,42.0625,41.0625,37.1875,35.0625,31.6875,32.5,35.125,37.0,39.9375,40.75,24.625
149.00700998306274,31.0,34.0,36.3125,40.375,40.875,42.0625,41.0,37.1875,35.0625,31.6875,32.5,35.1875,37.0625,39.9375,40.75,24.625
149.80937957763672,31.0625,34.0625,36.375,40.3125,40.8125,42.0,41.0,37.25,35.125,31.75,32.5625,35.1875,37.0625,39.9375,40.75,24.5625
150.61212849617004,31.0625,34.125,36.375,40.3125,40.8125,41.9375,41.0,37.25,35.1875,31.8125,32.625,35.25,37.0625,39.9375,40.6875,24.625
151.41424751281738,31.125,34.125,36.375,40.25,40.8125,41.9375,40.9375,37.25,35.1875,31.8125,32.625,35.3125,37.0625,39.875,40.6875,24.5625
152.21662664413452,31.125,34.1875,36.375,40.25,40.75,41.875,40.875,37.25,35.25,31.875,32.6875,35.3125,37.0625,39.875,40.6875,24.625
153.01892757415771,31.1875,34.25,36.375,40.1875,40.75,41.8125,40.875,37.25,35.3125,31.9375,32.75,35.3125,37.0625,39.8125,40.625,24.5625
153.8212125301361,31.25,34.25,36.375,40.1875,40.6875,41.8125,40.8125,37.25,35.3125,32.0,32.8125,35.375,37.0625,39.8125,40.5625,24.5625
154.62358474731445,31.25,34.3125,36.4375,40.1875,40.6875,41.75,40.8125,37.3125,35.375,32.0,32.875,35.375,37.125,39.75,40.5625,24.5625
155.4255428314209,31.3125,34.3125,36.4375,40.125,40.625,41.75,40.75,37.3125,35.4375,32.0625,32.875,35.375,37.125,39.75,40.5,24.5625
156.22771191596985,31.375,34.375,36.4375,40.0625,40.625,41.6875,40.6875,37.3125,35.4375,32.125,32.875,35.4375,37.125,39.75,40.5,24.5625
157.0300977230072,31.375,34.375,36.5,40.0625,40.625,41.6875,40.6875,37.3125,35.5,32.1875,32.9375,35.4375,37.125,39.6875,40.4375,24.5625
157.83263850212097,31.375,34.4375,36.5,40.0,40.5625,41.625,40.6875,37.3125,35.5625,32.1875,33.0,35.5,37.125,39.6875,40.4375,24.5625
158.6347815990448,31.4375,34.5,36.5,40.0,40.5625,41.5625,40.625,37.375,35.5625,32.25,33.0625,35.5,37.125,39.6875,40.375,24.5625
159.43735575675964,31.5,34.5,36.5,40.0,40.5625,41.5625,40.625,37.375,35.625,32.3125,33.0625,35.5,37.125,39.625,40.375,24.5625
160.2390923500061,31.5,34.5625,36.5625,40.0,40.5,41.5,40.5625,37.375,35.6875,32.3125,33.125,35.5625,37.125,39.625,40.375,24.5625
161.04152083396912,31.5625,34.5625,36.5625,39.9375,40.4375,41.5,40.5625,37.375,35.6875,32.375,33.1875,35.5625,37.125,39.5625,40.3125,24.5625
161.8444583415985,31.5625,34.625,36.5625,39.9375,40.4375,41.4375,40.5,37.4375,35.75,32.375,33.1875,35.5625,37.125,39.5625,40.3125,24.5625
162.64642143249512,31.625,34.625,36.5625,39.875,40.4375,41.4375,40.5,37.4375,35.75,32.4375,33.1875,35.5625,37.0625,39.5625,40.25,24.5625
163.4490249156952,31.6875,34.625,36.5625,39.875,40.375,41.375,40.4375,37.4375,35.8125,32.5,33.25,35.625,37.125,39.5625,40.25,24.5625
164.2512240409851,31.6875,34.6875,36.5625,39.875,40.375,41.3125,40.4375,37.4375,35.8125,32.5,33.3125,35.625,37.125,39.5625,40.25,24.5625
165.05326199531555,31.75,34.6875,36.5625,39.8125,40.3125,41.3125,40.4375,37.4375,35.875,32.5625,33.3125,35.625,37.125,39.5,40.1875,24.625
165.85556554794312,31.75,34.75,36.5625,39.8125,40.3125,41.25,40.375,37.4375,35.875,32.625,33.375,35.6875,37.125,39.5,40.1875,24.625
166.65757632255554,31.75,34.75,36.625,39.75,40.3125,41.25,40.3125,37.5,35.875,32.625,33.375,35.6875,37.125,39.5,40.1875,24.625
167.4600908756256,31.8125,34.8125,36.625,39.75,40.25,41.1875,40.3125,37.5,35.875,32.6875,33.4375,35.6875,37.125,39.5,40.125,24.625
168.26203870773315,31.8125,34.8125,36.625,39.75,40.25,41.1875,40.25,37.4375,35.875,32.6875,33.4375,35.6875,37.125,39.5,40.125,24.625
169.0644338130951,31.875,34.8125,36.625,39.6875,40.25,41.125,40.25,37.4375,35.9375,32.75,33.4375,35.6875,37.0625,39.4375,40.125,24.625
169.86687970161438,31.875,34.875,36.6875,39.6875,40.1875,41.0625,40.1875,37.4375,35.9375,32.8125,33.5,35.75,37.125,39.4375,40.0625,24.625
170.66901230812073,31.9375,34.875,36.6875,39.6875,40.1875,41.0625,40.1875,37.4375,35.9375,32.8125,33.5,35.75,37.0625,39.375,40.0625,24.625
171.4715678691864,31.875,34.875,36.6875,39.75,40.125,41.0,40.125,37.4375,36.0,32.875,33.5625,35.75,37.0625,39.375,40.0625,24.625
172.27353882789612,31.9375,34.9375,36.6875,39.6875,40.125,41.0,40.125,37.4375,36.0,32.875,33.5625,35.75,37.0625,39.3125,40.0,24.625
173.07587957382202,31.9375,34.9375,36.6875,39.6875,40.125,40.9375,40.0625,37.375,36.0625,32.9375,33.625,35.75,37.0625,39.3125,40.0,24.625
173.87832498550415,32.0,34.9375,36.75,39.6875,40.125,40.875,40.0,37.4375,36.0625,33.0,33.6875,35.75,37.0625,39.3125,39.9375,24.625
174.67988348007202,32.0,35.0,36.75,39.6875,40.0625,40.875,40.0,37.375,36.0625,33.0,33.6875,35.75,37.0625,39.25,39.9375,24.625
175.48206615447998,32.0,35.0,36.75,39.6875,40.0625,40.8125,39.9375,37.375,36.125,33.0625,33.6875,35.75,37.0625,39.1875,39.9375,24.625
176.28486013412476,32.0625,35.0,36.75,39.625,40.0,40.75,39.9375,37.4375,36.125,33.0625,33.75,35.8125,37.0625,39.1875,39.875,24.625
177.0865044593811,32.0625,35.0625,36.75,39.625,40.0,40.75,39.9375,37.4375,36.1875,33.0625,33.8125,35.8125,37.0625,39.1875,39.8125,24.625
177.88867735862732,32.0625,35.0625,36.75,39.625,40.0,40.6875,39.9375,37.4375,36.1875,33.125,33.8125,35.8125,37.0625,39.125,39.8125,24.625
178.69165444374084,32.0625,35.0625,36.8125,39.625,39.9375,40.625,39.875,37.4375,36.1875,33.125,33.8125,35.8125,37.0625,39.125,39.75,24.625
179.49350118637085,32.125,35.0625,36.75,39.5625,39.9375,40.625,39.875,37.4375,36.1875,33.1875,33.8125,35.875,37.0,39.0625,39.75,24.625
180.2959635257721,32.125,35.0625,36.75,39.5625,39.875,40.625,39.875,37.4375,36.25,33.1875,33.875,35.875,37.0,39.0625,39.6875,24.625
181.09854555130005,32.125,35.0625,36.75,39.5,39.875,40.5625,39.8125,37.5,36.25,33.25,33.875,35.875,37.0,39.0625,39.6875,24.625
181.90005135536194,32.1875,35.125,36.75,39.5,39.8125,40.5,39.8125,37.4375,36.25,33.25,33.9375,35.875,37.0,39.0,39.625,24.625
182.70231533050537,32.1875,35.125,36.75,39.5,39.8125,40.5,39.8125,37.4375,36.25,33.25,33.9375,35.875,36.9375,39.0,39.625,24.625
183.50465607643127,32.25,35.125,36.75,39.4375,39.75,40.4375,39.75,37.4375,36.3125,33.3125,33.9375,35.875,37.0,38.9375,39.5625,24.625
184.3070957660675,32.25,35.1875,36.75,39.375,39.75,40.4375,39.75,37.4375,36.3125,33.3125,34.0,35.9375,37.0,38.9375,39.5625,24.625
185.10913848876953,32.25,35.1875,36.75,39.375,39.6875,40.375,39.75,37.4375,36.3125,33.3125,34.0625,35.9375,37.0,38.9375,39.5625,24.625
185.91168594360352,32.25,35.1875,36.75,39.375,39.6875,40.375,39.6875,37.5,36.375,33.375,34.0625,35.9375,37.0,38.9375,39.5,24.625
186.71412134170532,32.25,35.1875,36.75,39.3125,39.6875,40.3125,39.6875,37.5,36.375,33.375,34.0625,35.9375,37.0,38.875,39.5,24.625
187.51582884788513,32.3125,35.1875,36.6875,39.25,39.625,40.3125,39.625,37.4375,36.4375,33.4375,34.125,35.9375,36.9375,38.875,39.4375,24.625
188.31844019889832,32.3125,35.25,36.75,39.25,39.625,40.25,39.625,37.5,36.4375,33.4375,34.125,35.9375,37.0,38.8125,39.4375,24.625
189.12012219429016,32.3125,35.25,36.75,39.1875,39.5625,40.25,39.625,37.5,36.4375,33.4375,34.125,35.9375,37.0,38.8125,39.4375,24.625
189.92226839065552,32.3125,35.25,36.75,39.1875,39.5625,40.25,39.625,37.5,36.4375,33.5,34.125,35.9375,37.0,38.8125,39.375,24.625
190.72509360313416,32.375,35.25,36.75,39.1875,39.5,40.1875,39.625,37.5,36.4375,33.5,34.1875,36.0,36.9375,38.75,39.375,24.625
191.52733421325684,32.375,35.3125,36.75,39.1875,39.5,40.1875,39.5625,37.5,36.4375,33.5625,34.1875,35.9375,36.9375,38.75,39.3125,24.625
192.32981896400452,32.375,35.25,36.75,39.125,39.4375,40.125,39.5625,37.5,36.5,33.5625,34.1875,36.0,36.9375,38.6875,39.3125,24.625
193.1312038898468,32.4375,35.3125,36.75,39.125,39.4375,40.125,39.5625,37.5,36.5,33.5625,34.25,36.0,36.9375,38.6875,39.3125,24.625
193.9335207939148,32.4375,35.3125,36.75,39.0625,39.4375,40.0625,39.5625,37.5,36.5,33.5625,34.25,36.0,36.9375,38.6875,39.25,24.625
194.73559737205505,32.4375,35.3125,36.75,39.0625,39.375,40.0625,39.5,37.5,36.5625,33.625,34.25,36.0,36.9375,38.6875,39.25,24.625
195.53815054893494,32.4375,35.375,36.75,39.0625,39.3125,40.0,39.5,37.5,36.5625,33.625,34.3125,36.0,36.9375,38.6875,39.1875,24.625
196.34060883522034,32.5,35.375,36.75,39.0625,39.3125,40.0,39.5,37.5,36.5625,33.625,34.3125,36.0625,36.9375,38.625,39.1875,24.625
197.14240193367004,32.5,35.4375,36.8125,39.0625,39.3125,39.9375,39.4375,37.5,36.5625,33.6875,34.3125,36.0625,36.9375,38.625,39.125,24.625
197.94449377059937,32.5,35.4375,36.8125,39.0625,39.3125,39.9375,39.4375,37.5,36.5625,33.6875,34.375,36.0625,36.875,38.5625,39.125,24.625
198.74688291549683,32.5625,35.4375,36.8125,39.0,39.25,39.875,39.4375,37.5,36.5625,33.6875,34.375,36.0625,36.875,38.5625,39.125,24.625
199.54903531074524,32.5625,35.4375,36.8125,39.0625,39.25,39.8125,39.375,37.5,36.5625,33.6875,34.375,36.0625,36.9375,38.5625,39.0625,24.625
200.35148215293884,32.5625,35.5,36.8125,39.0,39.1875,39.8125,39.375,37.5,36.5625,33.6875,34.375,36.125,36.9375,38.5625,39.0625,24.625
201.153422832489,32.5625,35.5,36.875,39.0,39.1875,39.75,39.3125,37.5,36.5625,33.75,34.375,36.125,36.9375,38.5625,39.0625,24.625
201.95577025413513,32.625,35.5,36.875,38.9375,39.1875,39.75,39.3125,37.4375,36.5625,33.75,34.4375,36.125,36.9375,38.5625,39.0,24.625
202.75748705863953,32.625,35.5,36.875,38.9375,39.125,39.6875,39.3125,37.5,36.5625,33.75,34.4375,36.125,36.9375,38.5,39.0,24.625
203.5599708557129,32.625,35.5625,36.875,38.9375,39.125,39.6875,39.25,37.4375,36.625,33.8125,34.4375,36.125,36.9375,38.5,39.0,24.625
204.36161851882935,32.6875,35.5625,36.8125,38.875,39.0625,39.625,39.25,37.4375,36.625,33.8125,34.4375,36.125,36.9375,38.5,39.0,24.625
205.16454005241394,32.6875,35.5625,36.8125,38.8125,39.0625,39.625,39.1875,37.4375,36.625,33.8125,34.5,36.125,36.9375,38.5625,38.9375,24.625
205.96600008010864,32.6875,35.5625,36.8125,38.8125,39.0,39.5625,39.1875,37.4375,36.625,33.875,34.5,36.125,37.0,38.5,38.9375,24.625
206.7679934501648,32.6875,35.5625,36.8125,38.75,39.0,39.5625,39.125,37.5,36.625,33.875,34.5,36.1875,37.0,38.5,38.9375,24.625
207.57111191749573,32.6875,35.5625,36.8125,38.6875,38.9375,39.5,39.125,37.4375,36.625,33.875,34.5,36.1875,36.9375,38.5,38.9375,24.625
208.37316918373108,32.75,35.5625,36.75,38.625,38.9375,39.5,39.125,37.4375,36.625,33.875,34.5,36.1875,36.9375,38.5,38.9375,24.625
209.17474508285522,32.6875,35.5625,36.75,38.5625,38.9375,39.4375,39.0625,37.4375,36.625,33.875,34.5625,36.1875,36.9375,38.5,38.9375,24.625
209.97717142105103,32.75,35.5625,36.75,38.5625,38.875,39.4375,39.0625,37.4375,36.625,33.9375,34.5625,36.1875,37.0,38.4375,38.875,24.625
210.77961945533752,32.75,35.5625,36.75,38.5625,38.875,39.375,39.0625,37.375,36.625,33.9375,34.5625,36.25,37.0,38.5,38.875,24.625
211.58186173439026,32.8125,35.5625,36.75,38.5,38.8125,39.375,39.0,37.375,36.625,33.9375,34.5625,36.25,37.0,38.4375,38.875,24.625
212.3834125995636,32.75,35.5625,36.6875,38.4375,38.8125,39.3125,39.0,37.375,36.625,33.9375,34.625,36.25,37.0,38.4375,38.8125,24.625
213.18637537956238,32.75,35.5625,36.6875,38.4375,38.8125,39.3125,39.0,37.4375,36.625,34.0,34.625,36.25,37.0,38.4375,38.8125,24.625
213.98853397369385,32.8125,35.5625,36.6875,38.4375,38.75,39.3125,38.9375,37.3125,36.625,34.0,34.625,36.25,36.9375,38.375,38.75,24.625
214.79001331329346,32.8125,35.5625,36.6875,38.4375,38.75,39.25,38.9375,37.375,36.625,34.0,34.625,36.3125,36.9375,38.375,38.75,24.625
215.59267401695251,32.8125,35.5625,36.6875,38.4375,38.6875,39.1875,38.9375,37.375,36.625,34.0,34.625,36.3125,36.9375,38.375,38.75,24.625
216.39449214935303,32.8125,35.625,36.75,38.4375,38.6875,39.1875,38.875,37.375,36.625,34.0,34.625,36.3125,36.9375,38.3125,38.6875,24.625
217.19710206985474,32.8125,35.625,36.6875,38.4375,38.625,39.125,38.875,37.3125,36.625,34.0625,34.6875,36.3125,36.9375,38.3125,38.6875,24.625
217.99947929382324,32.875,35.625,36.75,38.4375,38.625,39.125,38.8125,37.3125,36.625,34.0625,34.625,36.3125,36.9375,38.3125,38.6875,24.625
218.80165481567383,32.8125,35.6875,36.75,38.375,38.625,39.125,38.8125,37.3125,36.625,34.0625,34.6875,36.3125,36.9375,38.3125,38.625,24.625
219.6040074825287,32.875,35.6875,36.75,38.375,38.5625,39.0625,38.8125,37.3125,36.625,34.0625,34.6875,36.3125,36.9375,38.25,38.625,24.625
220.40569233894348,32.875,35.6875,36.75,38.375,38.5625,39.0625,38.75,37.3125,36.625,34.125,34.6875,36.3125,36.875,38.25,38.625,24.625
221.20810770988464,32.875,35.6875,36.75,38.3125,38.5,39.0625,38.75,37.3125,36.625,34.125,34.6875,36.25,36.875,38.25,38.625,24.625
222.01027750968933,32.875,35.6875,36.75,38.25,38.5,39.0,38.75,37.25,36.625,34.0625,34.6875,36.3125,36.875,38.1875,38.5625,24.625
222.81258749961853,32.875,35.6875,36.75,38.25,38.4375,38.9375,38.6875,37.25,36.625,34.125,34.6875,36.3125,36.875,38.1875,38.5625,24.625
223.6146628856659,32.875,35.6875,36.75,38.1875,38.4375,38.9375,38.6875,37.25,36.625,34.125,34.6875,36.25,36.875,38.1875,38.5625,24.625
224.4169623851776,32.9375,35.6875,36.75,38.1875,38.4375,38.875,38.625,37.1875,36.5625,34.125,34.6875,36.25,36.875,38.1875,38.5,24.625
225.21954727172852,32.9375,35.6875,36.6875,38.1875,38.375,38.875,38.625,37.125,36.5625,34.125,34.75,36.25,36.875,38.125,38.5,24.625
226.02134799957275,32.9375,35.6875,36.6875,38.1875,38.375,38.875,38.5625,37.1875,36.5625,34.125,34.75,36.3125,36.8125,38.125,38.5,24.625
226.82362031936646,32.9375,35.6875,36.6875,38.125,38.375,38.8125,38.5625,37.1875,36.5625,34.125,34.6875,36.3125,36.875,38.125,38.4375,24.625
227.62606954574585,32.9375,35.6875,36.6875,38.125,38.375,38.8125,38.5,37.125,36.5625,34.125,34.75,36.25,36.8125,38.125,38.4375,24.625
228.428209066391,33.0,35.6875,36.6875,38.125,38.3125,38.75,38.5,37.125,36.5625,34.1875,34.75,36.3125,36.8125,38.125,38.4375,24.625
229.23063206672668,32.9375,35.6875,36.6875,38.0625,38.3125,38.75,38.5,37.125,36.5625,34.1875,34.75,36.3125,36.8125,38.0625,38.4375,24.625
230.0327033996582,33.0,35.6875,36.6875,38.0625,38.25,38.6875,38.4375,37.125,36.5625,34.1875,34.75,36.25,36.8125,38.0625,38.4375,24.625
230.8349208831787,32.9375,35.6875,36.6875,38.0,38.25,38.6875,38.4375,37.125,36.5625,34.1875,34.75,36.25,36.8125,38.0,38.375,24.625
231.63652086257935,33.0,35.6875,36.625,38.0,38.1875,38.6875,38.4375,37.1875,36.625,34.1875,34.75,36.25,36.8125,38.0,38.375,24.625
232.43874764442444,33.0,35.6875,36.625,38.0,38.1875,38.625,38.375,37.125,36.625,34.1875,34.75,36.25,36.75,38.0,38.375,24.625
233.2412886619568,33.0,35.6875,36.625,37.9375,38.1875,38.5625,38.375,37.125,36.625,34.1875,34.75,36.1875,36.75,37.9375,38.3125,24.625
234.0429277420044,33.0,35.6875,36.625,37.9375,38.125,38.5625,38.375,37.125,36.5625,34.1875,34.75,36.25,36.75,37.9375,38.3125,24.625
234.84504747390747,33.0,35.625,36.625,37.875,38.125,38.5625,38.3125,37.125,36.5625,34.1875,34.75,36.25,36.75,37.9375,38.3125,24.625
235.64801168441772,33.0,35.6875,36.5625,37.875,38.125,38.5,38.3125,37.125,36.5625,34.1875,34.75,36.1875,36.6875,37.875,38.25,24.625
236.4496989250183,33.0,35.6875,36.5625,37.8125,38.0625,38.5,38.3125,37.125,36.5625,34.1875,34.75,36.1875,36.6875,37.875,38.25,24.625
237.2519452571869,33.0,35.6875,36.5625,37.8125,38.0625,38.4375,38.25,37.0625,36.5625,34.25,34.75,36.1875,36.6875,37.8125,38.1875,24.625
238.05393767356873,33.0,35.6875,36.5625,37.75,38.0,38.4375,38.25,37.125,36.5625,34.25,34.75,36.1875,36.625,37.8125,38.1875,24.625
238.85662817955017,33.0,35.6875,36.5625,37.75,38.0,38.4375,38.1875,37.0625,36.625,34.1875,34.75,36.1875,36.625,37.8125,38.1875,24.625
239.65858626365662,33.0,35.6875,36.5625,37.75,38.0,38.375,38.1875,37.0625,36.5625,34.25,34.8125,36.1875,36.625,37.75,38.125,24.625
240.4604308605194,33.0,35.6875,36.5625,37.75,37.9375,38.375,38.1875,37.0625,36.5625,34.25,34.8125,36.1875,36.625,37.75,38.125,24.625
241.2632954120636,33.0,35.625,36.5625,37.75,37.9375,38.3125,38.1875,37.0625,36.5625,34.25,34.75,36.1875,36.625,37.6875,38.0625,24.625
242.0652298927307,33.0,35.625,36.5625,37.75,37.9375,38.3125,38.1875,37.0625,36.625,34.25,34.8125,36.1875,36.5625,37.6875,38.0625,24.625
242.8676085472107,33.0625,35.6875,36.5625,37.75,37.875,38.25,38.125,37.0625,36.625,34.3125,34.8125,36.1875,36.625,37.6875,38.0625,24.625
243.66941666603088,33.0,35.6875,36.5625,37.75,37.875,38.25,38.125,37.0625,36.625,34.25,34.8125,36.1875,36.5625,37.625,38.0,24.625
244.4720230102539,33.0,35.6875,36.5625,37.75,37.875,38.1875,38.125,37.0625,36.625,34.25,34.8125,36.1875,36.5625,37.625,38.0,24.625
245.27468538284302,33.0,35.6875,36.5625,37.75,37.8125,38.1875,38.125,37.0625,36.625,34.3125,34.8125,36.1875,36.5625,37.625,38.0,24.625
246.07650446891785,33.0625,35.625,36.5625,37.6875,37.8125,38.1875,38.125,37.125,36.625,34.3125,34.8125,36.1875,36.5625,37.625,37.9375,24.625
246.87830996513367,33.0625,35.6875,36.5,37.6875,37.8125,38.125,38.0625,37.0625,36.625,34.3125,34.8125,36.1875,36.5625,37.5625,37.9375,24.625
247.68096780776978,33.0625,35.6875,36.5,37.6875,37.75,38.125,38.0625,37.0625,36.625,34.3125,34.8125,36.125,36.5625,37.5625,37.9375,24.625
248.48301362991333,33.0,35.625,36.5625,37.6875,37.75,38.125,38.0625,37.0625,36.625,34.3125,34.8125,36.1875,36.5625,37.5625,37.875,24.625
249.28500890731812,33.0625,35.625,36.5625,37.6875,37.6875,38.0625,38.0625,37.0625,36.625,34.3125,34.8125,36.125,36.5,37.5,37.875,24.625
250.08761262893677,33.0625,35.6875,36.5,37.6875,37.6875,38.0625,38.0,37.0,36.625,34.3125,34.8125,36.125,36.5,37.5,37.875,24.625
250.88979482650757,33.0625,35.625,36.5,37.625,37.6875,38.0,38.0,37.0625,36.625,34.3125,34.75,36.125,36.4375,37.4375,37.8125,24.625
251.691490650177,33.0625,35.625,36.5,37.625,37.625,38.0,38.0,37.0,36.625,34.3125,34.8125,36.125,36.4375,37.4375,37.8125,24.625
252.49401140213013,33.0625,35.6875,36.5,37.5625,37.625,37.9375,37.9375,37.0,36.625,34.3125,34.8125,36.125,36.4375,37.4375,37.8125,24.625
253.29640460014343,33.0,35.625,36.4375,37.5,37.625,37.9375,37.9375,37.0,36.625,34.3125,34.8125,36.125,36.4375,37.4375,37.75,24.625
254.09892892837524,33.0625,35.625,36.4375,37.5,37.5625,37.875,37.875,37.0,36.5625,34.25,34.8125,36.125,36.4375,37.4375,37.75,24.625
254.90084838867188,33.0625,35.625,36.4375,37.4375,37.5625,37.875,37.875,36.9375,36.5625,34.3125,34.875,36.125,36.4375,37.375,37.75,24.625
255.70293164253235,33.0625,35.625,36.4375,37.4375,37.5,37.8125,37.8125,36.9375,36.5625,34.3125,34.875,36.1875,36.4375,37.375,37.75,24.6875
256.5053610801697,33.0625,35.625,36.375,37.375,37.5,37.8125,37.75,36.875,36.5625,34.25,34.8125,36.1875,36.5,37.375,37.6875,24.625
257.30695724487305,33.0625,35.625,36.375,37.375,37.5,37.8125,37.75,36.875,36.5625,34.25,34.875,36.1875,36.5,37.375,37.6875,24.6875
258.10972261428833,33.0625,35.625,36.375,37.375,37.4375,37.75,37.75,36.875,36.5,34.25,34.875,36.1875,36.4375,37.375,37.6875,24.6875
258.912011384964,33.0625,35.625,36.375,37.375,37.4375,37.75,37.75,36.875,36.5,34.25,34.875,36.1875,36.4375,37.3125,37.625,24.6875
259.7139070034027,33.0625,35.625,36.375,37.3125,37.375,37.6875,37.6875,36.8125,36.5,34.25,34.8125,36.1875,36.4375,37.3125,37.625,24.6875
260.5162351131439,33.0625,35.625,36.375,37.375,37.375,37.6875,37.6875,36.8125,36.5,34.25,34.875,36.25,36.4375,37.3125,37.625,24.6875
261.31847381591797,33.0625,35.625,36.375,37.375,37.375,37.625,37.625,36.8125,36.4375,34.25,34.875,36.1875,36.4375,37.25,37.625,24.6875
262.12124276161194,33.0,35.625,36.375,37.3125,37.3125,37.625,37.625,36.75,36.5,34.25,34.875,36.1875,36.4375,37.25,37.5625,24.6875
262.9234809875488,33.0625,35.625,36.375,37.3125,37.3125,37.5625,37.625,36.75,36.5,34.25,34.875,36.1875,36.4375,37.25,37.5625,24.6875
263.72577571868896,33.0625,35.625,36.3125,37.3125,37.3125,37.5625,37.5625,36.75,36.4375,34.25,34.8125,36.1875,36.375,37.1875,37.5,24.6875
264.5282266139984,33.0625,35.625,36.3125,37.25,37.25,37.5625,37.5625,36.75,36.4375,34.25,34.8125,36.1875,36.375,37.1875,37.5,24.625
265.33016562461853,33.0625,35.625,36.3125,37.25,37.25,37.5,37.5625,36.75,36.5,34.1875,34.8125,36.1875,36.375,37.1875,37.5,24.625
266.1325526237488,33.0625,35.625,36.3125,37.25,37.25,37.5,37.5,36.75,36.4375,34.25,34.8125,36.125,36.3125,37.125,37.4375,24.6875
266.9344730377197,33.0625,35.5625,36.3125,37.1875,37.25,37.5,37.5,36.75,36.5,34.25,34.8125,36.125,36.3125,37.125,37.4375,24.625
267.7365391254425,33.0625,35.5625,36.3125,37.1875,37.1875,37.4375,37.5,36.75,36.4375,34.1875,34.8125,36.125,36.3125,37.0625,37.4375,24.625
268.5386915206909,33.0,35.5625,36.25,37.125,37.1875,37.4375,37.5,36.75,36.4375,34.1875,34.8125,36.125,36.25,37.0625,37.4375,24.625
269.3417811393738,33.0625,35.5625,36.25,37.125,37.1875,37.4375,37.4375,36.6875,36.4375,34.1875,34.8125,36.0625,36.25,37.0625,37.375,24.625
270.1440198421478,33.0,35.5625,36.25,37.125,37.125,37.375,37.4375,36.6875,36.4375,34.1875,34.8125,36.0625,36.25,37.0625,37.375,24.625
270.94616889953613,33.0,35.5625,36.1875,37.0625,37.125,37.375,37.4375,36.6875,36.4375,34.1875,34.75,36.0625,36.25,37.0,37.3125,24.625
271.74862146377563,33.0,35.5625,36.1875,37.0625,37.0625,37.3125,37.375,36.625,36.375,34.1875,34.8125,36.125,36.25,37.0,37.3125,24.625
272.5499951839447,33.0,35.5625,36.1875,37.0,37.0625,37.3125,37.375,36.625,36.375,34.1875,34.75,36.125,36.25,37.0,37.3125,24.625
273.3529374599457,33.0,35.5,36.1875,37.0,37.0625,37.25,37.3125,36.5625,36.375,34.1875,34.75,36.125,36.25,37.0,37.3125,24.625
274.1551082134247,33.0,35.5,36.1875,36.9375,37.0,37.25,37.25,36.5625,36.375,34.1875,34.75,36.0625,36.25,37.0,37.25,24.625
274.95738768577576,33.0,35.5,36.125,36.9375,37.0,37.25,37.3125,36.5625,36.375,34.1875,34.75,36.125,36.1875,36.9375,37.25,24.625
275.7592694759369,33.0,35.5,36.125,36.875,37.0,37.1875,37.25,36.5625,36.375,34.1875,34.75,36.0625,36.1875,36.9375,37.25,24.625
276.56118297576904,33.0,35.5,36.125,36.875,36.9375,37.1875,37.1875,36.5625,36.375,34.1875,34.75,36.0625,36.1875,36.9375,37.25,24.625
277.3634264469147,33.0,35.5,36.125,36.875,36.9375,37.1875,37.1875,36.5,36.375,34.1875,34.75,36.0,36.125,36.875,37.1875,24.625
278.1655397415161,32.9375,35.4375,36.125,36.875,36.9375,37.125,37.1875,36.5,36.3125,34.1875,34.75,36.0,36.125,36.8125,37.1875,24.625
278.96856236457825,33.0,35.4375,36.0625,36.875,36.9375,37.0625,37.125,36.5,36.3125,34.1875,34.75,36.0,36.0625,36.8125,37.125,24.625
279.77028822898865,33.0,35.4375,36.0625,36.875,36.875,37.0625,37.125,36.5,36.3125,34.1875,34.75,36.0,36.0625,36.8125,37.125,24.6875
280.57276582717896,33.0,35.5,36.0625,36.8125,36.875,37.0625,37.0625,36.5,36.3125,34.1875,34.75,36.0,36.0625,36.75,37.125,24.6875
281.37433338165283,33.0,35.5,36.0625,36.8125,36.875,37.0625,37.0625,36.4375,36.3125,34.1875,34.75,36.0,36.0625,36.75,37.0625,24.6875
282.1765670776367,33.0,35.5,36.0625,36.8125,36.8125,37.0,37.0625,36.4375,36.3125,34.1875,34.75,36.0,36.0625,36.75,37.0625,24.6875
282.9792675971985,33.0,35.5,36.0625,36.8125,36.8125,37.0,37.0625,36.4375,36.25,34.1875,34.75,36.0,36.0625,36.75,37.0625,24.6875
283.7815628051758,33.0,35.5,36.0625,36.8125,36.8125,37.0,37.0625,36.4375,36.25,34.1875,34.75,36.0,36.0625,36.75,37.0625,24.6875
284.5838017463684,33.0,35.5,36.0,36.8125,36.8125,36.9375,37.0625,36.4375,36.25,34.1875,34.75,36.0,36.0625,36.6875,37.0,24.6875
285.3858964443207,32.9375,35.4375,36.0,36.75,36.75,36.9375,37.0,36.4375,36.3125,34.1875,34.75,36.0,36.0,36.6875,37.0,24.6875
286.18793392181396,33.0,35.4375,36.0,36.6875,36.75,36.9375,37.0,36.375,36.25,34.1875,34.75,35.9375,36.0,36.625,37.0,24.6875
286.9902169704437,33.0,35.4375,36.0,36.75,36.6875,36.875,37.0,36.375,36.25,34.1875,34.75,35.9375,36.0,36.625,36.9375,24.6875
287.79187059402466,32.9375,35.4375,36.0,36.6875,36.6875,36.875,37.0,36.375,36.1875,34.1875,34.75,35.9375,36.0,36.625,36.9375,24.625
288.5948739051819,32.9375,35.4375,36.0,36.625,36.6875,36.875,36.9375,36.375,36.1875,34.1875,34.75,35.9375,36.0,36.625,36.875,24.6875
289.3964834213257,32.9375,35.4375,35.9375,36.625,36.6875,36.8125,36.9375,36.375,36.1875,34.1875,34.75,35.9375,36.0,36.625,36.875,24.6875
290.199565410614,32.9375,35.4375,35.9375,36.5625,36.625,36.8125,36.9375,36.3125,36.1875,34.1875,34.75,35.9375,35.9375,36.625,36.875,24.6875
291.00104999542236,32.9375,35.375,35.9375,36.625,36.625,36.8125,36.875,36.3125,36.1875,34.125,34.6875,35.875,35.9375,36.5625,36.875,24.625
291.804062128067,32.9375,35.375,35.9375,36.625,36.5625,36.75,36.875,36.25,36.1875,34.125,34.6875,35.875,35.9375,36.5625,36.875,24.625
292.60641980171204,32.9375,35.375,35.9375,36.625,36.5625,36.75,36.875,36.25,36.1875,34.1875,34.6875,35.875,35.9375,36.5,36.8125,24.625
293.40830087661743,32.9375,35.375,35.875,36.5625,36.5625,36.6875,36.8125,36.25,36.1875,34.125,34.6875,35.875,35.875,36.5,36.8125,24.625
294.21028423309326,32.9375,35.375,35.875,36.5625,36.5,36.6875,36.8125,36.1875,36.1875,34.1875,34.6875,35.8125,35.875,36.5,36.8125,24.625
295.0131368637085,32.9375,35.375,35.875,36.5625,36.5,36.6875,36.8125,36.1875,36.1875,34.1875,34.6875,35.8125,35.8125,36.4375,36.75,24.625
295.8155207633972,32.9375,35.3125,35.9375,36.5625,36.5,36.6875,36.8125,36.1875,36.1875,34.125,34.6875,35.8125,35.8125,36.4375,36.75,24.625
296.6170995235443,32.9375,35.3125,35.875,36.5,36.5,36.625,36.75,36.1875,36.1875,34.1875,34.625,35.8125,35.8125,36.4375,36.75,24.625
297.41951513290405,32.875,35.3125,35.8125,36.5,36.4375,36.625,36.75,36.1875,36.1875,34.125,34.625,35.75,35.8125,36.4375,36.6875,24.625
298.2221624851227,32.875,35.3125,35.8125,36.4375,36.4375,36.625,36.75,36.1875,36.1875,34.125,34.625,35.75,35.8125,36.4375,36.6875,24.625
299.02468633651733,32.875,35.3125,35.8125,36.4375,36.4375,36.625,36.6875,36.1875,36.1875,34.125,34.625,35.75,35.75,36.375,36.6875,24.625
299.8267059326172,32.875,35.3125,35.8125,36.375,36.375,36.5625,36.75,36.1875,36.1875,34.125,34.625,35.8125,35.75,36.375,36.625,24.625
300.62895250320435,32.875,35.3125,35.8125,36.4375,36.375,36.5625,36.6875,36.1875,36.125,34.125,34.625,35.8125,35.75,36.3125,36.625,24.625
301.4312777519226,32.875,35.25,35.8125,36.375,36.375,36.5625,36.6875,36.1875,36.125,34.125,34.625,35.75,35.75,36.3125,36.625,24.625
302.2336757183075,32.875,35.3125,35.75,36.375,36.3125,36.5,36.6875,36.1875,36.0625,34.125,34.5625,35.75,35.6875,36.3125,36.625,24.625
303.0361313819885,32.875,35.25,35.75,36.375,36.3125,36.5,36.625,36.1875,36.0625,34.125,34.625,35.6875,35.6875,36.3125,36.5625,24.625
303.8387668132782,32.875,35.25,35.75,36.375,36.3125,36.4375,36.625,36.125,36.0625,34.0625,34.5625,35.75,35.6875,36.25,36.5625,24.625
304.6407427787781,32.8125,35.25,35.75,36.375,36.3125,36.5,36.625,36.0625,36.0625,34.0625,34.5625,35.6875,35.6875,36.25,36.5,24.625
305.44326663017273,32.8125,35.25,35.6875,36.3125,36.25,36.4375,36.5625,36.0625,36.0625,34.0625,34.5625,35.6875,35.625,36.1875,36.5,24.625
306.2449622154236,32.8125,35.25,35.6875,36.3125,36.25,36.4375,36.5625,36.0,36.0625,34.125,34.5625,35.625,35.6875,36.1875,36.4375,24.625
307.04774355888367,32.8125,35.1875,35.6875,36.3125,36.25,36.4375,36.5625,36.0,36.0625,34.0625,34.5625,35.625,35.625,36.125,36.5,24.625
307.85014271736145,32.8125,35.1875,35.6875,36.3125,36.25,36.4375,36.5,36.0,36.0,34.0625,34.5625,35.625,35.5625,36.125,36.4375,24.625
308.6523325443268,32.8125,35.1875,35.6875,36.25,36.1875,36.375,36.5,36.0625,36.0,34.0625,34.5625,35.5625,35.5625,36.125,36.4375,24.625
309.4547348022461,32.8125,35.1875,35.6875,36.3125,36.1875,36.375,36.5,36.0,36.0,34.0625,34.5,35.625,35.5625,36.0625,36.4375,24.625
310.25689578056335,32.8125,35.1875,35.6875,36.25,36.1875,36.3125,36.5,36.0,36.0,34.0625,34.5625,35.625,35.5625,36.0625,36.375,24.625
311.05903339385986,32.8125,35.1875,35.6875,36.25,36.125,36.3125,36.4375,36.0,36.0,34.0625,34.5625,35.625,35.5625,36.0625,36.375,24.625
311.86165833473206,32.8125,35.1875,35.6875,36.25,36.125,36.3125,36.4375,36.0,36.0,34.0625,34.5,35.625,35.5625,36.0625,36.3125,24.625
312.66404461860657,32.8125,35.1875,35.625,36.25,36.125,36.3125,36.4375,36.0,36.0,34.0625,34.5,35.625,35.5625,36.0625,36.3125,24.625
313.46580266952515,32.75,35.1875,35.6875,36.1875,36.125,36.3125,36.4375,36.0,35.9375,34.0625,34.5,35.5625,35.5625,36.0,36.3125,24.625
314.2682135105133,32.8125,35.1875,35.6875,36.1875,36.0625,36.25,36.4375,36.0,35.9375,34.0625,34.5,35.5625,35.5625,36.0,36.3125,24.625
315.07088327407837,32.75,35.125,35.625,36.1875,36.0625,36.25,36.4375,36.0,35.9375,34.0625,34.5,35.5625,35.5,36.0,36.25,24.625
315.8733503818512,32.75,35.1875,35.625,36.125,36.0625,36.25,36.375,35.9375,35.9375,34.0,34.5,35.5625,35.5,35.9375,36.25,24.625
316.6755256652832,32.75,35.125,35.625,36.125,36.0,36.1875,36.375,35.9375,35.9375,34.0,34.5,35.5625,35.5,35.9375,36.25,24.5625
317.47809505462646,32.8125,35.1875,35.625,36.125,36.0,36.1875,36.375,35.9375,35.875,34.0,34.5,35.5625,35.5,35.9375,36.1875,24.625
318.2804205417633,32.75,35.125,35.625,36.125,36.0,36.1875,36.3125,35.9375,35.875,34.0,34.5,35.5625,35.4375,35.9375,36.1875,24.5625
319.08254742622375,32.75,35.125,35.625,36.125,36.0,36.125,36.3125,35.875,35.875,34.0,34.5,35.625,35.4375,35.9375,36.1875,24.5625
319.88482904434204,32.75,35.125,35.6875,36.125,35.9375,36.125,36.3125,35.875,35.875,34.0,34.5,35.5625,35.4375,35.9375,36.1875,24.625
320.68720269203186,32.75,35.125,35.625,36.0625,35.9375,36.125,36.3125,35.875,35.8125,34.0,34.4375,35.5625,35.4375,35.875,36.1875,24.5625
321.4894027709961,32.75,35.0625,35.5625,36.0625,35.9375,36.125,36.25,35.875,35.8125,33.9375,34.4375,35.5,35.4375,35.875,36.125,24.625
322.29164123535156,32.75,35.0625,35.5625,36.0,35.875,36.0625,36.25,35.8125,35.8125,33.9375,34.4375,35.5,35.4375,35.875,36.125,24.625
323.09414434432983,32.6875,35.0625,35.5,36.0,35.875,36.0625,36.1875,35.8125,35.75,33.9375,34.4375,35.5,35.4375,35.875,36.125,24.625
323.8961589336395,32.75,35.0625,35.5,36.0,35.875,36.0,36.1875,35.8125,35.75,33.9375,34.4375,35.5,35.4375,35.875,36.125,24.625
324.698691368103,32.75,35.0625,35.5,35.9375,35.875,36.0,36.125,35.75,35.6875,33.9375,34.375,35.5,35.375,35.875,36.0625,24.625
325.5009250640869,32.6875,35.0,35.5,35.875,35.875,36.0,36.125,35.75,35.6875,33.9375,34.4375,35.4375,35.375,35.875,36.0625,24.625
326.30332231521606,32.6875,35.0,35.5,35.8125,35.8125,35.9375,36.0625,35.6875,35.6875,33.9375,34.375,35.4375,35.375,35.8125,36.0625,24.625
327.10549306869507,32.6875,35.0,35.5,35.875,35.8125,35.9375,36.0625,35.6875,35.6875,33.9375,34.375,35.4375,35.3125,35.8125,36.0625,24.625
327.90719842910767,32.6875,35.0,35.5,35.875,35.8125,35.9375,36.0,35.6875,35.6875,33.9375,34.375,35.375,35.3125,35.75,36.0,24.625
328.7102530002594,32.6875,35.0,35.5,35.875,35.75,35.875,36.0,35.6875,35.6875,33.9375,34.375,35.375,35.3125,35.75,36.0,24.625
329.5123472213745,32.6875,35.0,35.5,35.8125,35.75,35.875,36.0,35.625,35.6875,33.9375,34.375,35.4375,35.3125,35.75,35.9375,24.625
330.31441712379456,32.6875,35.0,35.5,35.875,35.75,35.8125,36.0,35.625,35.6875,33.9375,34.375,35.375,35.25,35.75,35.9375,24.625
331.11702823638916,32.6875,35.0,35.5,35.75,35.75,35.8125,36.0,35.625,35.625,33.875,34.375,35.375,35.1875,35.6875,35.9375,24.625
331.9191632270813,32.625,35.0,35.5,35.8125,35.6875,35.8125,35.9375,35.625,35.6875,33.875,34.375,35.3125,35.25,35.6875,35.9375,24.5625
332.7211289405823,32.625,35.0,35.4375,35.8125,35.6875,35.8125,35.9375,35.625,35.625,33.875,34.3125,35.3125,35.1875,35.625,35.875,24.5625
333.5237772464752,32.625,35.0,35.4375,35.8125,35.6875,35.8125,35.9375,35.625,35.6875,33.875,34.3125,35.3125,35.1875,35.625,35.875,24.5625
